file_id,clean_file,noise_file,noise_category,snr_db,sample_rate,channels,output_file,impulsive_event_start_sec,impulsive_event_duration_sec
1,common_voice_en_19451218.wav,1-22882-A-44.wav,stationary,0,16000,1,common_voice_en_19451218_stationary_1-22882-A-44_SNR_0dB_0001.wav,,
2,common_voice_en_19951090.wav,1-18527-A-44.wav,stationary,20,16000,1,common_voice_en_19951090_stationary_1-18527-A-44_SNR_20dB_0002.wav,,
3,common_voice_en_27688640.wav,1-50454-A-44.wav,stationary,-5,16000,1,common_voice_en_27688640_stationary_1-50454-A-44_SNR_-5dB_0003.wav,,
4,common_voice_en_18561931.wav,1-18527-B-44.wav,stationary,15,16000,1,common_voice_en_18561931_stationary_1-18527-B-44_SNR_15dB_0004.wav,,
5,common_voice_en_18561930.wav,helicopter.wav,non_stationary,0,16000,1,common_voice_en_18561930_non_stationary_helicopter_SNR_0dB_0005.wav,,
6,common_voice_en_24033983.wav,helicopter.wav,non_stationary,0,16000,1,common_voice_en_24033983_non_stationary_helicopter_SNR_0dB_0006.wav,,
7,common_voice_en_23731524.wav,1-18527-B-44.wav,stationary,0,16000,1,common_voice_en_23731524_stationary_1-18527-B-44_SNR_0dB_0007.wav,,
8,common_voice_en_21663195.wav,1-50454-A-44.wav,stationary,-5,16000,1,common_voice_en_21663195_stationary_1-50454-A-44_SNR_-5dB_0008.wav,,
9,common_voice_en_21817015.wav,1-160563-A-48.wav,impulsive,5,16000,1,common_voice_en_21817015_impulsive_1-160563-A-48_SNR_5dB_0009.wav,2.045125,0.1444375
10,common_voice_en_22939424.wav,1-22882-A-44.wav,stationary,20,16000,1,common_voice_en_22939424_stationary_1-22882-A-44_SNR_20dB_0010.wav,,
11,common_voice_en_580650.wav,1-115545-C-48.wav,impulsive,15,16000,1,common_voice_en_580650_impulsive_1-115545-C-48_SNR_15dB_0011.wav,0.375375,0.296875
12,common_voice_en_19951091.wav,1-115545-A-48.wav,impulsive,0,16000,1,common_voice_en_19951091_impulsive_1-115545-A-48_SNR_0dB_0012.wav,1.1385625,0.203375
13,common_voice_en_25113639.wav,helicopter.wav,non_stationary,0,16000,1,common_voice_en_25113639_non_stationary_helicopter_SNR_0dB_0013.wav,,
14,common_voice_en_21817014.wav,1-22882-A-44.wav,stationary,20,16000,1,common_voice_en_21817014_stationary_1-22882-A-44_SNR_20dB_0014.wav,,
15,common_voice_en_18843978.wav,helicopter.wav,non_stationary,15,16000,1,common_voice_en_18843978_non_stationary_helicopter_SNR_15dB_0015.wav,,
16,common_voice_en_19952222.wav,1-50454-A-44.wav,stationary,5,16000,1,common_voice_en_19952222_stationary_1-50454-A-44_SNR_5dB_0016.wav,,
17,common_voice_en_27703528.wav,1-22882-A-44.wav,stationary,-5,16000,1,common_voice_en_27703528_stationary_1-22882-A-44_SNR_-5dB_0017.wav,,
18,common_voice_en_18681417.wav,1-115546-A-48.wav,impulsive,5,16000,1,common_voice_en_18681417_impulsive_1-115546-A-48_SNR_5dB_0018.wav,4.6463125,0.16775
19,common_voice_en_21538040.wav,1-50454-A-44.wav,stationary,10,16000,1,common_voice_en_21538040_stationary_1-50454-A-44_SNR_10dB_0019.wav,,
20,common_voice_en_25113640.wav,1-18527-B-44.wav,stationary,0,16000,1,common_voice_en_25113640_stationary_1-18527-B-44_SNR_0dB_0020.wav,,
21,common_voice_en_27688637.wav,1-50455-A-44.wav,stationary,10,16000,1,common_voice_en_27688637_stationary_1-50455-A-44_SNR_10dB_0021.wav,,
22,common_voice_en_30619674.wav,helicopter.wav,non_stationary,0,16000,1,common_voice_en_30619674_non_stationary_helicopter_SNR_0dB_0022.wav,,
23,common_voice_en_26724562.wav,helicopter.wav,non_stationary,-5,16000,1,common_voice_en_26724562_non_stationary_helicopter_SNR_-5dB_0023.wav,,
24,common_voice_en_19705427.wav,helicopter.wav,non_stationary,15,16000,1,common_voice_en_19705427_non_stationary_helicopter_SNR_15dB_0024.wav,,
25,common_voice_en_18843976.wav,helicopter.wav,non_stationary,15,16000,1,common_voice_en_18843976_non_stationary_helicopter_SNR_15dB_0025.wav,,
26,common_voice_en_20242986.wav,1-115545-A-48.wav,impulsive,20,16000,1,common_voice_en_20242986_impulsive_1-115545-A-48_SNR_20dB_0026.wav,4.371625,0.21725
27,common_voice_en_21663202.wav,1-50454-A-44.wav,stationary,0,16000,1,common_voice_en_21663202_stationary_1-50454-A-44_SNR_0dB_0027.wav,,
28,common_voice_en_18522885.wav,1-115545-C-48.wav,impulsive,15,16000,1,common_voice_en_18522885_impulsive_1-115545-C-48_SNR_15dB_0028.wav,0.8716875,0.2829375
29,common_voice_en_21369211.wav,1-160563-A-48.wav,impulsive,15,16000,1,common_voice_en_21369211_impulsive_1-160563-A-48_SNR_15dB_0029.wav,3.0630625,0.303625
30,common_voice_en_19726068.wav,helicopter.wav,non_stationary,15,16000,1,common_voice_en_19726068_non_stationary_helicopter_SNR_15dB_0030.wav,,
31,common_voice_en_21538044.wav,helicopter.wav,non_stationary,5,16000,1,common_voice_en_21538044_non_stationary_helicopter_SNR_5dB_0031.wav,,
32,common_voice_en_21369214.wav,1-18527-B-44.wav,stationary,15,16000,1,common_voice_en_21369214_stationary_1-18527-B-44_SNR_15dB_0032.wav,,
33,common_voice_en_19227417.wav,1-115545-A-48.wav,impulsive,15,16000,1,common_voice_en_19227417_impulsive_1-115545-A-48_SNR_15dB_0033.wav,5.404625,0.22875
34,common_voice_en_25234746.wav,1-115545-B-48.wav,impulsive,5,16000,1,common_voice_en_25234746_impulsive_1-115545-B-48_SNR_5dB_0034.wav,1.735,0.6403125
35,common_voice_en_27688638.wav,1-115545-B-48.wav,impulsive,20,16000,1,common_voice_en_27688638_impulsive_1-115545-B-48_SNR_20dB_0035.wav,5.5024375,0.4191875
36,common_voice_en_22779359.wav,helicopter.wav,non_stationary,-5,16000,1,common_voice_en_22779359_non_stationary_helicopter_SNR_-5dB_0036.wav,,
37,common_voice_en_19952223.wav,1-22882-A-44.wav,stationary,-5,16000,1,common_voice_en_19952223_stationary_1-22882-A-44_SNR_-5dB_0037.wav,,
38,common_voice_en_30619683.wav,helicopter.wav,non_stationary,-5,16000,1,common_voice_en_30619683_non_stationary_helicopter_SNR_-5dB_0038.wav,,
39,common_voice_en_18725368.wav,1-18527-A-44.wav,stationary,5,16000,1,common_voice_en_18725368_stationary_1-18527-A-44_SNR_5dB_0039.wav,,
40,common_voice_en_18843978.wav,helicopter.wav,non_stationary,20,16000,1,common_voice_en_18843978_non_stationary_helicopter_SNR_20dB_0040.wav,,
41,common_voice_en_25695666.wav,1-18527-B-44.wav,stationary,20,16000,1,common_voice_en_25695666_stationary_1-18527-B-44_SNR_20dB_0041.wav,,
42,common_voice_en_19952222.wav,1-115546-A-48.wav,impulsive,0,16000,1,common_voice_en_19952222_impulsive_1-115546-A-48_SNR_0dB_0042.wav,5.398375,0.1965625
43,common_voice_en_23731526.wav,helicopter.wav,non_stationary,10,16000,1,common_voice_en_23731526_non_stationary_helicopter_SNR_10dB_0043.wav,,
44,common_voice_en_18725366.wav,helicopter.wav,non_stationary,-5,16000,1,common_voice_en_18725366_non_stationary_helicopter_SNR_-5dB_0044.wav,,
45,common_voice_en_23612307.wav,1-115545-A-48.wav,impulsive,0,16000,1,common_voice_en_23612307_impulsive_1-115545-A-48_SNR_0dB_0045.wav,4.39325,0.2961875
46,common_voice_en_24033983.wav,1-18527-B-44.wav,stationary,5,16000,1,common_voice_en_24033983_stationary_1-18527-B-44_SNR_5dB_0046.wav,,
47,common_voice_en_25113641.wav,1-18527-A-44.wav,stationary,10,16000,1,common_voice_en_25113641_stationary_1-18527-A-44_SNR_10dB_0047.wav,,
48,common_voice_en_19262161.wav,1-50455-A-44.wav,stationary,-5,16000,1,common_voice_en_19262161_stationary_1-50455-A-44_SNR_-5dB_0048.wav,,
49,common_voice_en_19227420.wav,1-115545-B-48.wav,impulsive,0,16000,1,common_voice_en_19227420_impulsive_1-115545-B-48_SNR_0dB_0049.wav,3.94325,0.516125
50,common_voice_en_19854923.wav,1-115545-A-48.wav,impulsive,0,16000,1,common_voice_en_19854923_impulsive_1-115545-A-48_SNR_0dB_0050.wav,3.1983125,0.4880625
51,common_voice_en_20242990.wav,1-115546-A-48.wav,impulsive,5,16000,1,common_voice_en_20242990_impulsive_1-115546-A-48_SNR_5dB_0051.wav,2.5361875,0.533125
52,common_voice_en_19767817.wav,1-18527-A-44.wav,stationary,15,16000,1,common_voice_en_19767817_stationary_1-18527-A-44_SNR_15dB_0052.wav,,
53,common_voice_en_27688638.wav,1-22882-A-44.wav,stationary,-5,16000,1,common_voice_en_27688638_stationary_1-22882-A-44_SNR_-5dB_0053.wav,,
54,common_voice_en_18725365.wav,helicopter.wav,non_stationary,-5,16000,1,common_voice_en_18725365_non_stationary_helicopter_SNR_-5dB_0054.wav,,
55,common_voice_en_26724562.wav,1-18527-B-44.wav,stationary,-5,16000,1,common_voice_en_26724562_stationary_1-18527-B-44_SNR_-5dB_0055.wav,,
56,common_voice_en_31191627.wav,1-18527-B-44.wav,stationary,10,16000,1,common_voice_en_31191627_stationary_1-18527-B-44_SNR_10dB_0056.wav,,
57,common_voice_en_19451233.wav,1-160563-A-48.wav,impulsive,0,16000,1,common_voice_en_19451233_impulsive_1-160563-A-48_SNR_0dB_0057.wav,0.6715625,0.6928125
58,common_voice_en_23707414.wav,helicopter.wav,non_stationary,5,16000,1,common_voice_en_23707414_non_stationary_helicopter_SNR_5dB_0058.wav,,
59,common_voice_en_19854920.wav,helicopter.wav,non_stationary,0,16000,1,common_voice_en_19854920_non_stationary_helicopter_SNR_0dB_0059.wav,,
60,common_voice_en_20242990.wav,helicopter.wav,non_stationary,10,16000,1,common_voice_en_20242990_non_stationary_helicopter_SNR_10dB_0060.wav,,
61,common_voice_en_21538040.wav,1-115545-A-48.wav,impulsive,-5,16000,1,common_voice_en_21538040_impulsive_1-115545-A-48_SNR_-5dB_0061.wav,0.600125,0.56925
62,common_voice_en_27688637.wav,1-22882-A-44.wav,stationary,0,16000,1,common_voice_en_27688637_stationary_1-22882-A-44_SNR_0dB_0062.wav,,
63,common_voice_en_21817013.wav,1-115545-B-48.wav,impulsive,5,16000,1,common_voice_en_21817013_impulsive_1-115545-B-48_SNR_5dB_0063.wav,3.5895625,0.3918125
64,common_voice_en_27688640.wav,1-160563-A-48.wav,impulsive,20,16000,1,common_voice_en_27688640_impulsive_1-160563-A-48_SNR_20dB_0064.wav,5.471125,0.641625
65,common_voice_en_27703526.wav,1-18527-A-44.wav,stationary,0,16000,1,common_voice_en_27703526_stationary_1-18527-A-44_SNR_0dB_0065.wav,,
66,common_voice_en_20242990.wav,1-18527-A-44.wav,stationary,20,16000,1,common_voice_en_20242990_stationary_1-18527-A-44_SNR_20dB_0066.wav,,
67,common_voice_en_27703526.wav,1-22882-A-44.wav,stationary,15,16000,1,common_voice_en_27703526_stationary_1-22882-A-44_SNR_15dB_0067.wav,,
68,common_voice_en_19854922.wav,1-115545-B-48.wav,impulsive,20,16000,1,common_voice_en_19854922_impulsive_1-115545-B-48_SNR_20dB_0068.wav,4.14025,0.7494375
69,common_voice_en_25695670.wav,1-18527-A-44.wav,stationary,-5,16000,1,common_voice_en_25695670_stationary_1-18527-A-44_SNR_-5dB_0069.wav,,
70,common_voice_en_23731524.wav,1-115545-A-48.wav,impulsive,-5,16000,1,common_voice_en_23731524_impulsive_1-115545-A-48_SNR_-5dB_0070.wav,5.2191875,0.4415
71,common_voice_en_20242990.wav,1-50454-A-44.wav,stationary,15,16000,1,common_voice_en_20242990_stationary_1-50454-A-44_SNR_15dB_0071.wav,,
72,common_voice_en_23731525.wav,helicopter.wav,non_stationary,-5,16000,1,common_voice_en_23731525_non_stationary_helicopter_SNR_-5dB_0072.wav,,
73,common_voice_en_19705426.wav,helicopter.wav,non_stationary,15,16000,1,common_voice_en_19705426_non_stationary_helicopter_SNR_15dB_0073.wav,,
74,common_voice_en_27703526.wav,1-18527-B-44.wav,stationary,-5,16000,1,common_voice_en_27703526_stationary_1-18527-B-44_SNR_-5dB_0074.wav,,
75,common_voice_en_21369214.wav,helicopter.wav,non_stationary,5,16000,1,common_voice_en_21369214_non_stationary_helicopter_SNR_5dB_0075.wav,,
76,common_voice_en_19952223.wav,helicopter.wav,non_stationary,15,16000,1,common_voice_en_19952223_non_stationary_helicopter_SNR_15dB_0076.wav,,
77,common_voice_en_23707410.wav,1-115545-B-48.wav,impulsive,0,16000,1,common_voice_en_23707410_impulsive_1-115545-B-48_SNR_0dB_0077.wav,7.2205,0.266375
78,common_voice_en_23707411.wav,1-22882-A-44.wav,stationary,10,16000,1,common_voice_en_23707411_stationary_1-22882-A-44_SNR_10dB_0078.wav,,
79,common_voice_en_19952223.wav,1-18527-A-44.wav,stationary,10,16000,1,common_voice_en_19952223_stationary_1-18527-A-44_SNR_10dB_0079.wav,,
80,common_voice_en_18681419.wav,1-115545-B-48.wav,impulsive,0,16000,1,common_voice_en_18681419_impulsive_1-115545-B-48_SNR_0dB_0080.wav,2.5000625,0.5713125
81,common_voice_en_19951091.wav,1-18527-B-44.wav,stationary,10,16000,1,common_voice_en_19951091_stationary_1-18527-B-44_SNR_10dB_0081.wav,,
82,common_voice_en_20260796.wav,1-115545-C-48.wav,impulsive,5,16000,1,common_voice_en_20260796_impulsive_1-115545-C-48_SNR_5dB_0082.wav,3.274125,0.756875
83,common_voice_en_27688637.wav,1-18527-A-44.wav,stationary,-5,16000,1,common_voice_en_27688637_stationary_1-18527-A-44_SNR_-5dB_0083.wav,,
84,common_voice_en_20242988.wav,1-22882-A-44.wav,stationary,-5,16000,1,common_voice_en_20242988_stationary_1-22882-A-44_SNR_-5dB_0084.wav,,
85,common_voice_en_19262163.wav,helicopter.wav,non_stationary,20,16000,1,common_voice_en_19262163_non_stationary_helicopter_SNR_20dB_0085.wav,,
86,common_voice_en_21538040.wav,helicopter.wav,non_stationary,10,16000,1,common_voice_en_21538040_non_stationary_helicopter_SNR_10dB_0086.wav,,
87,common_voice_en_27709079.wav,1-18527-A-44.wav,stationary,20,16000,1,common_voice_en_27709079_stationary_1-18527-A-44_SNR_20dB_0087.wav,,
88,common_voice_en_23731527.wav,1-50455-A-44.wav,stationary,20,16000,1,common_voice_en_23731527_stationary_1-50455-A-44_SNR_20dB_0088.wav,,
89,common_voice_en_19767843.wav,helicopter.wav,non_stationary,20,16000,1,common_voice_en_19767843_non_stationary_helicopter_SNR_20dB_0089.wav,,
90,common_voice_en_21663172.wav,helicopter.wav,non_stationary,20,16000,1,common_voice_en_21663172_non_stationary_helicopter_SNR_20dB_0090.wav,,
91,common_voice_en_26724561.wav,1-50454-A-44.wav,stationary,5,16000,1,common_voice_en_26724561_stationary_1-50454-A-44_SNR_5dB_0091.wav,,
92,common_voice_en_21101342.wav,helicopter.wav,non_stationary,10,16000,1,common_voice_en_21101342_non_stationary_helicopter_SNR_10dB_0092.wav,,
93,common_voice_en_19726720.wav,helicopter.wav,non_stationary,10,16000,1,common_voice_en_19726720_non_stationary_helicopter_SNR_10dB_0093.wav,,
94,common_voice_en_27703525.wav,1-115545-C-48.wav,impulsive,5,16000,1,common_voice_en_27703525_impulsive_1-115545-C-48_SNR_5dB_0094.wav,4.7511875,0.3151875
95,common_voice_en_31191671.wav,helicopter.wav,non_stationary,10,16000,1,common_voice_en_31191671_non_stationary_helicopter_SNR_10dB_0095.wav,,
96,common_voice_en_19854923.wav,helicopter.wav,non_stationary,20,16000,1,common_voice_en_19854923_non_stationary_helicopter_SNR_20dB_0096.wav,,
97,common_voice_en_19227417.wav,1-50455-A-44.wav,stationary,5,16000,1,common_voice_en_19227417_stationary_1-50455-A-44_SNR_5dB_0097.wav,,
98,common_voice_en_19227420.wav,1-115545-B-48.wav,impulsive,20,16000,1,common_voice_en_19227420_impulsive_1-115545-B-48_SNR_20dB_0098.wav,1.63125,0.4178125
99,common_voice_en_19705425.wav,1-18527-B-44.wav,stationary,10,16000,1,common_voice_en_19705425_stationary_1-18527-B-44_SNR_10dB_0099.wav,,
100,common_voice_en_580646.wav,1-115545-A-48.wav,impulsive,10,16000,1,common_voice_en_580646_impulsive_1-115545-A-48_SNR_10dB_0100.wav,3.1455,0.524375
101,common_voice_en_25695673.wav,helicopter.wav,non_stationary,20,16000,1,common_voice_en_25695673_non_stationary_helicopter_SNR_20dB_0101.wav,,
102,common_voice_en_18522886.wav,1-115545-A-48.wav,impulsive,10,16000,1,common_voice_en_18522886_impulsive_1-115545-A-48_SNR_10dB_0102.wav,3.293625,0.3240625
103,common_voice_en_27004519.wav,helicopter.wav,non_stationary,-5,16000,1,common_voice_en_27004519_non_stationary_helicopter_SNR_-5dB_0103.wav,,
104,common_voice_en_25113639.wav,1-50454-A-44.wav,stationary,20,16000,1,common_voice_en_25113639_stationary_1-50454-A-44_SNR_20dB_0104.wav,,
105,common_voice_en_27703529.wav,helicopter.wav,non_stationary,15,16000,1,common_voice_en_27703529_non_stationary_helicopter_SNR_15dB_0105.wav,,
106,common_voice_en_26724561.wav,helicopter.wav,non_stationary,0,16000,1,common_voice_en_26724561_non_stationary_helicopter_SNR_0dB_0106.wav,,
107,common_voice_en_24033984.wav,1-18527-B-44.wav,stationary,20,16000,1,common_voice_en_24033984_stationary_1-18527-B-44_SNR_20dB_0107.wav,,
108,common_voice_en_20260795.wav,1-160563-A-48.wav,impulsive,10,16000,1,common_voice_en_20260795_impulsive_1-160563-A-48_SNR_10dB_0108.wav,1.12475,0.74175
109,common_voice_en_24033981.wav,1-22882-A-44.wav,stationary,0,16000,1,common_voice_en_24033981_stationary_1-22882-A-44_SNR_0dB_0109.wav,,
110,common_voice_en_20260793.wav,1-50455-A-44.wav,stationary,-5,16000,1,common_voice_en_20260793_stationary_1-50455-A-44_SNR_-5dB_0110.wav,,
111,common_voice_en_19657026.wav,1-50454-A-44.wav,stationary,20,16000,1,common_voice_en_19657026_stationary_1-50454-A-44_SNR_20dB_0111.wav,,
112,common_voice_en_19705427.wav,1-115545-A-48.wav,impulsive,10,16000,1,common_voice_en_19705427_impulsive_1-115545-A-48_SNR_10dB_0112.wav,4.4450625,0.517375
113,common_voice_en_25113642.wav,helicopter.wav,non_stationary,10,16000,1,common_voice_en_25113642_non_stationary_helicopter_SNR_10dB_0113.wav,,
114,common_voice_en_22939428.wav,1-160563-A-48.wav,impulsive,20,16000,1,common_voice_en_22939428_impulsive_1-160563-A-48_SNR_20dB_0114.wav,3.1160625,0.12
115,common_voice_en_25234748.wav,1-22882-A-44.wav,stationary,5,16000,1,common_voice_en_25234748_stationary_1-22882-A-44_SNR_5dB_0115.wav,,
116,common_voice_en_22939428.wav,1-115546-A-48.wav,impulsive,15,16000,1,common_voice_en_22939428_impulsive_1-115546-A-48_SNR_15dB_0116.wav,3.9995625,0.6591875
117,common_voice_en_19951089.wav,1-50454-A-44.wav,stationary,-5,16000,1,common_voice_en_19951089_stationary_1-50454-A-44_SNR_-5dB_0117.wav,,
118,common_voice_en_22939428.wav,1-50454-A-44.wav,stationary,20,16000,1,common_voice_en_22939428_stationary_1-50454-A-44_SNR_20dB_0118.wav,,
119,common_voice_en_19726069.wav,1-115545-B-48.wav,impulsive,15,16000,1,common_voice_en_19726069_impulsive_1-115545-B-48_SNR_15dB_0119.wav,3.2278125,0.6469375
120,common_voice_en_31171727.wav,helicopter.wav,non_stationary,-5,16000,1,common_voice_en_31171727_non_stationary_helicopter_SNR_-5dB_0120.wav,,
121,common_voice_en_23731525.wav,1-50454-A-44.wav,stationary,0,16000,1,common_voice_en_23731525_stationary_1-50454-A-44_SNR_0dB_0121.wav,,
122,common_voice_en_18725365.wav,1-22882-A-44.wav,stationary,0,16000,1,common_voice_en_18725365_stationary_1-22882-A-44_SNR_0dB_0122.wav,,
123,common_voice_en_25113639.wav,1-50454-A-44.wav,stationary,5,16000,1,common_voice_en_25113639_stationary_1-50454-A-44_SNR_5dB_0123.wav,,
124,common_voice_en_23707414.wav,1-18527-A-44.wav,stationary,10,16000,1,common_voice_en_23707414_stationary_1-18527-A-44_SNR_10dB_0124.wav,,
125,common_voice_en_18561928.wav,1-115545-A-48.wav,impulsive,5,16000,1,common_voice_en_18561928_impulsive_1-115545-A-48_SNR_5dB_0125.wav,2.6695625,0.3295625
126,common_voice_en_18681422.wav,1-115545-B-48.wav,impulsive,0,16000,1,common_voice_en_18681422_impulsive_1-115545-B-48_SNR_0dB_0126.wav,1.954125,0.1208125
127,common_voice_en_19657017.wav,helicopter.wav,non_stationary,15,16000,1,common_voice_en_19657017_non_stationary_helicopter_SNR_15dB_0127.wav,,
128,common_voice_en_25113642.wav,helicopter.wav,non_stationary,0,16000,1,common_voice_en_25113642_non_stationary_helicopter_SNR_0dB_0128.wav,,
129,common_voice_en_31191671.wav,helicopter.wav,non_stationary,0,16000,1,common_voice_en_31191671_non_stationary_helicopter_SNR_0dB_0129.wav,,
130,common_voice_en_21369215.wav,1-18527-A-44.wav,stationary,5,16000,1,common_voice_en_21369215_stationary_1-18527-A-44_SNR_5dB_0130.wav,,
131,common_voice_en_27709079.wav,helicopter.wav,non_stationary,10,16000,1,common_voice_en_27709079_non_stationary_helicopter_SNR_10dB_0131.wav,,
132,common_voice_en_19767843.wav,1-18527-B-44.wav,stationary,-5,16000,1,common_voice_en_19767843_stationary_1-18527-B-44_SNR_-5dB_0132.wav,,
133,common_voice_en_21369213.wav,1-160563-A-48.wav,impulsive,-5,16000,1,common_voice_en_21369213_impulsive_1-160563-A-48_SNR_-5dB_0133.wav,2.84425,0.6795
134,common_voice_en_27688636.wav,helicopter.wav,non_stationary,-5,16000,1,common_voice_en_27688636_non_stationary_helicopter_SNR_-5dB_0134.wav,,
135,common_voice_en_26724561.wav,helicopter.wav,non_stationary,10,16000,1,common_voice_en_26724561_non_stationary_helicopter_SNR_10dB_0135.wav,,
136,common_voice_en_19262163.wav,helicopter.wav,non_stationary,20,16000,1,common_voice_en_19262163_non_stationary_helicopter_SNR_20dB_0136.wav,,
137,common_voice_en_25113640.wav,1-115546-A-48.wav,impulsive,0,16000,1,common_voice_en_25113640_impulsive_1-115546-A-48_SNR_0dB_0137.wav,2.52275,0.63425
138,common_voice_en_27688637.wav,1-115546-A-48.wav,impulsive,10,16000,1,common_voice_en_27688637_impulsive_1-115546-A-48_SNR_10dB_0138.wav,2.6403125,0.7066875
139,common_voice_en_19952222.wav,1-115545-A-48.wav,impulsive,5,16000,1,common_voice_en_19952222_impulsive_1-115545-A-48_SNR_5dB_0139.wav,3.806875,0.5615625
140,common_voice_en_27709076.wav,helicopter.wav,non_stationary,5,16000,1,common_voice_en_27709076_non_stationary_helicopter_SNR_5dB_0140.wav,,
141,common_voice_en_18561931.wav,helicopter.wav,non_stationary,0,16000,1,common_voice_en_18561931_non_stationary_helicopter_SNR_0dB_0141.wav,,
142,common_voice_en_19854923.wav,helicopter.wav,non_stationary,5,16000,1,common_voice_en_19854923_non_stationary_helicopter_SNR_5dB_0142.wav,,
143,common_voice_en_20260796.wav,1-115545-C-48.wav,impulsive,15,16000,1,common_voice_en_20260796_impulsive_1-115545-C-48_SNR_15dB_0143.wav,1.565125,0.110375
144,common_voice_en_19227417.wav,1-50454-A-44.wav,stationary,10,16000,1,common_voice_en_19227417_stationary_1-50454-A-44_SNR_10dB_0144.wav,,
145,common_voice_en_27703528.wav,1-115546-A-48.wav,impulsive,20,16000,1,common_voice_en_27703528_impulsive_1-115546-A-48_SNR_20dB_0145.wav,0.070625,0.6025625
146,common_voice_en_19227420.wav,1-50454-A-44.wav,stationary,20,16000,1,common_voice_en_19227420_stationary_1-50454-A-44_SNR_20dB_0146.wav,,
147,common_voice_en_19952222.wav,1-50455-A-44.wav,stationary,5,16000,1,common_voice_en_19952222_stationary_1-50455-A-44_SNR_5dB_0147.wav,,
148,common_voice_en_25234746.wav,helicopter.wav,non_stationary,10,16000,1,common_voice_en_25234746_non_stationary_helicopter_SNR_10dB_0148.wav,,
149,common_voice_en_27703525.wav,1-50454-A-44.wav,stationary,5,16000,1,common_voice_en_27703525_stationary_1-50454-A-44_SNR_5dB_0149.wav,,
150,common_voice_en_21369214.wav,1-18527-A-44.wav,stationary,20,16000,1,common_voice_en_21369214_stationary_1-18527-A-44_SNR_20dB_0150.wav,,
151,common_voice_en_21538040.wav,1-50455-A-44.wav,stationary,20,16000,1,common_voice_en_21538040_stationary_1-50455-A-44_SNR_20dB_0151.wav,,
152,common_voice_en_19726723.wav,1-50454-A-44.wav,stationary,5,16000,1,common_voice_en_19726723_stationary_1-50454-A-44_SNR_5dB_0152.wav,,
153,common_voice_en_30619683.wav,1-160563-A-48.wav,impulsive,15,16000,1,common_voice_en_30619683_impulsive_1-160563-A-48_SNR_15dB_0153.wav,3.4104375,0.38975
154,common_voice_en_19767818.wav,1-22882-A-44.wav,stationary,0,16000,1,common_voice_en_19767818_stationary_1-22882-A-44_SNR_0dB_0154.wav,,
155,common_voice_en_21369213.wav,1-50455-A-44.wav,stationary,0,16000,1,common_voice_en_21369213_stationary_1-50455-A-44_SNR_0dB_0155.wav,,
156,common_voice_en_20260795.wav,1-18527-A-44.wav,stationary,15,16000,1,common_voice_en_20260795_stationary_1-18527-A-44_SNR_15dB_0156.wav,,
157,common_voice_en_19657017.wav,helicopter.wav,non_stationary,-5,16000,1,common_voice_en_19657017_non_stationary_helicopter_SNR_-5dB_0157.wav,,
158,common_voice_en_27709077.wav,1-50454-A-44.wav,stationary,10,16000,1,common_voice_en_27709077_stationary_1-50454-A-44_SNR_10dB_0158.wav,,
159,common_voice_en_21663202.wav,1-18527-A-44.wav,stationary,5,16000,1,common_voice_en_21663202_stationary_1-18527-A-44_SNR_5dB_0159.wav,,
160,common_voice_en_19451232.wav,1-115546-A-48.wav,impulsive,10,16000,1,common_voice_en_19451232_impulsive_1-115546-A-48_SNR_10dB_0160.wav,0.439125,0.1758125
161,common_voice_en_19705426.wav,1-50455-A-44.wav,stationary,5,16000,1,common_voice_en_19705426_stationary_1-50455-A-44_SNR_5dB_0161.wav,,
162,common_voice_en_19227417.wav,1-115545-A-48.wav,impulsive,15,16000,1,common_voice_en_19227417_impulsive_1-115545-A-48_SNR_15dB_0162.wav,4.280875,0.526125
163,common_voice_en_22939425.wav,helicopter.wav,non_stationary,5,16000,1,common_voice_en_22939425_non_stationary_helicopter_SNR_5dB_0163.wav,,
164,common_voice_en_30619683.wav,1-115545-C-48.wav,impulsive,15,16000,1,common_voice_en_30619683_impulsive_1-115545-C-48_SNR_15dB_0164.wav,2.497,0.735875
165,common_voice_en_19262161.wav,1-115545-B-48.wav,impulsive,20,16000,1,common_voice_en_19262161_impulsive_1-115545-B-48_SNR_20dB_0165.wav,1.330125,0.3160625
166,common_voice_en_19726067.wav,1-50455-A-44.wav,stationary,-5,16000,1,common_voice_en_19726067_stationary_1-50455-A-44_SNR_-5dB_0166.wav,,
167,common_voice_en_19726067.wav,1-50454-A-44.wav,stationary,20,16000,1,common_voice_en_19726067_stationary_1-50454-A-44_SNR_20dB_0167.wav,,
168,common_voice_en_31191627.wav,helicopter.wav,non_stationary,0,16000,1,common_voice_en_31191627_non_stationary_helicopter_SNR_0dB_0168.wav,,
169,common_voice_en_21101339.wav,1-115546-A-48.wav,impulsive,-5,16000,1,common_voice_en_21101339_impulsive_1-115546-A-48_SNR_-5dB_0169.wav,5.1204375,0.339
170,common_voice_en_30619683.wav,helicopter.wav,non_stationary,10,16000,1,common_voice_en_30619683_non_stationary_helicopter_SNR_10dB_0170.wav,,
171,common_voice_en_27688640.wav,1-18527-B-44.wav,stationary,5,16000,1,common_voice_en_27688640_stationary_1-18527-B-44_SNR_5dB_0171.wav,,
172,common_voice_en_19705423.wav,1-18527-B-44.wav,stationary,5,16000,1,common_voice_en_19705423_stationary_1-18527-B-44_SNR_5dB_0172.wav,,
173,common_voice_en_31191627.wav,1-160563-A-48.wav,impulsive,5,16000,1,common_voice_en_31191627_impulsive_1-160563-A-48_SNR_5dB_0173.wav,3.8395625,0.5496875
174,common_voice_en_21369213.wav,helicopter.wav,non_stationary,15,16000,1,common_voice_en_21369213_non_stationary_helicopter_SNR_15dB_0174.wav,,
175,common_voice_en_27688638.wav,helicopter.wav,non_stationary,15,16000,1,common_voice_en_27688638_non_stationary_helicopter_SNR_15dB_0175.wav,,
176,common_voice_en_18681422.wav,1-115545-C-48.wav,impulsive,15,16000,1,common_voice_en_18681422_impulsive_1-115545-C-48_SNR_15dB_0176.wav,0.748125,0.356375
177,common_voice_en_19951091.wav,1-160563-A-48.wav,impulsive,15,16000,1,common_voice_en_19951091_impulsive_1-160563-A-48_SNR_15dB_0177.wav,2.36025,0.1211875
178,common_voice_en_18681422.wav,1-115545-B-48.wav,impulsive,10,16000,1,common_voice_en_18681422_impulsive_1-115545-B-48_SNR_10dB_0178.wav,2.278625,0.631375
179,common_voice_en_19726722.wav,1-115546-A-48.wav,impulsive,20,16000,1,common_voice_en_19726722_impulsive_1-115546-A-48_SNR_20dB_0179.wav,3.8503125,0.6035
180,common_voice_en_21817013.wav,helicopter.wav,non_stationary,20,16000,1,common_voice_en_21817013_non_stationary_helicopter_SNR_20dB_0180.wav,,
181,common_voice_en_19262162.wav,1-115545-C-48.wav,impulsive,10,16000,1,common_voice_en_19262162_impulsive_1-115545-C-48_SNR_10dB_0181.wav,3.2805,0.6073125
182,common_voice_en_27703525.wav,1-18527-A-44.wav,stationary,5,16000,1,common_voice_en_27703525_stationary_1-18527-A-44_SNR_5dB_0182.wav,,
183,common_voice_en_20242986.wav,1-50454-A-44.wav,stationary,15,16000,1,common_voice_en_20242986_stationary_1-50454-A-44_SNR_15dB_0183.wav,,
184,common_voice_en_18522885.wav,helicopter.wav,non_stationary,10,16000,1,common_voice_en_18522885_non_stationary_helicopter_SNR_10dB_0184.wav,,
185,common_voice_en_18725366.wav,1-22882-A-44.wav,stationary,15,16000,1,common_voice_en_18725366_stationary_1-22882-A-44_SNR_15dB_0185.wav,,
186,common_voice_en_25695677.wav,helicopter.wav,non_stationary,0,16000,1,common_voice_en_25695677_non_stationary_helicopter_SNR_0dB_0186.wav,,
187,common_voice_en_20260792.wav,helicopter.wav,non_stationary,10,16000,1,common_voice_en_20260792_non_stationary_helicopter_SNR_10dB_0187.wav,,
188,common_voice_en_25695666.wav,1-50455-A-44.wav,stationary,0,16000,1,common_voice_en_25695666_stationary_1-50455-A-44_SNR_0dB_0188.wav,,
189,common_voice_en_21369215.wav,helicopter.wav,non_stationary,-5,16000,1,common_voice_en_21369215_non_stationary_helicopter_SNR_-5dB_0189.wav,,
190,common_voice_en_19951090.wav,1-115545-A-48.wav,impulsive,10,16000,1,common_voice_en_19951090_impulsive_1-115545-A-48_SNR_10dB_0190.wav,4.0826875,0.22025
191,common_voice_en_21101340.wav,helicopter.wav,non_stationary,10,16000,1,common_voice_en_21101340_non_stationary_helicopter_SNR_10dB_0191.wav,,
192,common_voice_en_25234749.wav,1-115545-B-48.wav,impulsive,10,16000,1,common_voice_en_25234749_impulsive_1-115545-B-48_SNR_10dB_0192.wav,3.1423125,0.6644375
193,common_voice_en_19767817.wav,1-160563-A-48.wav,impulsive,20,16000,1,common_voice_en_19767817_impulsive_1-160563-A-48_SNR_20dB_0193.wav,2.263,0.23975
194,common_voice_en_23707413.wav,1-50455-A-44.wav,stationary,5,16000,1,common_voice_en_23707413_stationary_1-50455-A-44_SNR_5dB_0194.wav,,
195,common_voice_en_18522885.wav,1-22882-A-44.wav,stationary,15,16000,1,common_voice_en_18522885_stationary_1-22882-A-44_SNR_15dB_0195.wav,,
196,common_voice_en_30619661.wav,1-115546-A-48.wav,impulsive,0,16000,1,common_voice_en_30619661_impulsive_1-115546-A-48_SNR_0dB_0196.wav,3.9676875,0.55725
197,common_voice_en_21817011.wav,1-50455-A-44.wav,stationary,10,16000,1,common_voice_en_21817011_stationary_1-50455-A-44_SNR_10dB_0197.wav,,
198,common_voice_en_25113639.wav,1-115545-B-48.wav,impulsive,20,16000,1,common_voice_en_25113639_impulsive_1-115545-B-48_SNR_20dB_0198.wav,1.9133125,0.3445
199,common_voice_en_23707411.wav,1-50454-A-44.wav,stationary,20,16000,1,common_voice_en_23707411_stationary_1-50454-A-44_SNR_20dB_0199.wav,,
200,common_voice_en_22939425.wav,helicopter.wav,non_stationary,10,16000,1,common_voice_en_22939425_non_stationary_helicopter_SNR_10dB_0200.wav,,
201,common_voice_en_18681419.wav,1-50455-A-44.wav,stationary,5,16000,1,common_voice_en_18681419_stationary_1-50455-A-44_SNR_5dB_0201.wav,,
202,common_voice_en_19262161.wav,1-115546-A-48.wav,impulsive,-5,16000,1,common_voice_en_19262161_impulsive_1-115546-A-48_SNR_-5dB_0202.wav,0.1256875,0.6385625
203,common_voice_en_19705423.wav,helicopter.wav,non_stationary,-5,16000,1,common_voice_en_19705423_non_stationary_helicopter_SNR_-5dB_0203.wav,,
204,common_voice_en_25234745.wav,1-115545-C-48.wav,impulsive,5,16000,1,common_voice_en_25234745_impulsive_1-115545-C-48_SNR_5dB_0204.wav,5.3234375,0.7381875
205,common_voice_en_19227416.wav,1-160563-A-48.wav,impulsive,10,16000,1,common_voice_en_19227416_impulsive_1-160563-A-48_SNR_10dB_0205.wav,4.432,0.42425
206,common_voice_en_18681419.wav,helicopter.wav,non_stationary,20,16000,1,common_voice_en_18681419_non_stationary_helicopter_SNR_20dB_0206.wav,,
207,common_voice_en_21101339.wav,1-115545-A-48.wav,impulsive,10,16000,1,common_voice_en_21101339_impulsive_1-115545-A-48_SNR_10dB_0207.wav,3.6345625,0.20075
208,common_voice_en_19726069.wav,helicopter.wav,non_stationary,-5,16000,1,common_voice_en_19726069_non_stationary_helicopter_SNR_-5dB_0208.wav,,
209,common_voice_en_21538045.wav,1-115545-C-48.wav,impulsive,5,16000,1,common_voice_en_21538045_impulsive_1-115545-C-48_SNR_5dB_0209.wav,1.1925,0.4838125
210,common_voice_en_19952222.wav,helicopter.wav,non_stationary,0,16000,1,common_voice_en_19952222_non_stationary_helicopter_SNR_0dB_0210.wav,,
211,common_voice_en_19726720.wav,1-50454-A-44.wav,stationary,15,16000,1,common_voice_en_19726720_stationary_1-50454-A-44_SNR_15dB_0211.wav,,
212,common_voice_en_19952220.wav,helicopter.wav,non_stationary,0,16000,1,common_voice_en_19952220_non_stationary_helicopter_SNR_0dB_0212.wav,,
213,common_voice_en_25113641.wav,helicopter.wav,non_stationary,5,16000,1,common_voice_en_25113641_non_stationary_helicopter_SNR_5dB_0213.wav,,
214,common_voice_en_18522887.wav,1-115546-A-48.wav,impulsive,5,16000,1,common_voice_en_18522887_impulsive_1-115546-A-48_SNR_5dB_0214.wav,0.3025,0.7938125
215,common_voice_en_24033982.wav,1-160563-A-48.wav,impulsive,5,16000,1,common_voice_en_24033982_impulsive_1-160563-A-48_SNR_5dB_0215.wav,5.655,0.75425
216,common_voice_en_20242986.wav,helicopter.wav,non_stationary,0,16000,1,common_voice_en_20242986_non_stationary_helicopter_SNR_0dB_0216.wav,,
217,common_voice_en_22939427.wav,1-115545-A-48.wav,impulsive,0,16000,1,common_voice_en_22939427_impulsive_1-115545-A-48_SNR_0dB_0217.wav,4.7088125,0.4905
218,common_voice_en_21101342.wav,1-115545-C-48.wav,impulsive,-5,16000,1,common_voice_en_21101342_impulsive_1-115545-C-48_SNR_-5dB_0218.wav,1.12425,0.774
219,common_voice_en_18522887.wav,helicopter.wav,non_stationary,15,16000,1,common_voice_en_18522887_non_stationary_helicopter_SNR_15dB_0219.wav,,
220,common_voice_en_25695677.wav,1-115545-C-48.wav,impulsive,0,16000,1,common_voice_en_25695677_impulsive_1-115545-C-48_SNR_0dB_0220.wav,1.7940625,0.721625
221,common_voice_en_19767817.wav,helicopter.wav,non_stationary,20,16000,1,common_voice_en_19767817_non_stationary_helicopter_SNR_20dB_0221.wav,,
222,common_voice_en_19262159.wav,1-115545-A-48.wav,impulsive,5,16000,1,common_voice_en_19262159_impulsive_1-115545-A-48_SNR_5dB_0222.wav,4.7478125,0.551375
223,common_voice_en_22779356.wav,1-115545-A-48.wav,impulsive,5,16000,1,common_voice_en_22779356_impulsive_1-115545-A-48_SNR_5dB_0223.wav,2.877625,0.4345
224,common_voice_en_19767846.wav,1-50455-A-44.wav,stationary,5,16000,1,common_voice_en_19767846_stationary_1-50455-A-44_SNR_5dB_0224.wav,,
225,common_voice_en_27004523.wav,helicopter.wav,non_stationary,0,16000,1,common_voice_en_27004523_non_stationary_helicopter_SNR_0dB_0225.wav,,
226,common_voice_en_20242987.wav,1-115546-A-48.wav,impulsive,5,16000,1,common_voice_en_20242987_impulsive_1-115546-A-48_SNR_5dB_0226.wav,3.8365625,0.4468125
227,common_voice_en_18843979.wav,1-18527-B-44.wav,stationary,20,16000,1,common_voice_en_18843979_stationary_1-18527-B-44_SNR_20dB_0227.wav,,
228,common_voice_en_23612304.wav,1-160563-A-48.wav,impulsive,5,16000,1,common_voice_en_23612304_impulsive_1-160563-A-48_SNR_5dB_0228.wav,0.114,0.1924375
229,common_voice_en_20242990.wav,helicopter.wav,non_stationary,5,16000,1,common_voice_en_20242990_non_stationary_helicopter_SNR_5dB_0229.wav,,
230,common_voice_en_20242990.wav,helicopter.wav,non_stationary,-5,16000,1,common_voice_en_20242990_non_stationary_helicopter_SNR_-5dB_0230.wav,,
231,common_voice_en_19951092.wav,helicopter.wav,non_stationary,15,16000,1,common_voice_en_19951092_non_stationary_helicopter_SNR_15dB_0231.wav,,
232,common_voice_en_19951089.wav,helicopter.wav,non_stationary,20,16000,1,common_voice_en_19951089_non_stationary_helicopter_SNR_20dB_0232.wav,,
233,common_voice_en_21369213.wav,helicopter.wav,non_stationary,0,16000,1,common_voice_en_21369213_non_stationary_helicopter_SNR_0dB_0233.wav,,
234,common_voice_en_18681425.wav,1-115545-C-48.wav,impulsive,10,16000,1,common_voice_en_18681425_impulsive_1-115545-C-48_SNR_10dB_0234.wav,1.9234375,0.218875
235,common_voice_en_27688637.wav,1-50454-A-44.wav,stationary,5,16000,1,common_voice_en_27688637_stationary_1-50454-A-44_SNR_5dB_0235.wav,,
236,common_voice_en_27688638.wav,helicopter.wav,non_stationary,10,16000,1,common_voice_en_27688638_non_stationary_helicopter_SNR_10dB_0236.wav,,
237,common_voice_en_19262161.wav,1-160563-A-48.wav,impulsive,10,16000,1,common_voice_en_19262161_impulsive_1-160563-A-48_SNR_10dB_0237.wav,5.65475,0.3864375
238,common_voice_en_22779358.wav,1-50454-A-44.wav,stationary,0,16000,1,common_voice_en_22779358_stationary_1-50454-A-44_SNR_0dB_0238.wav,,
239,common_voice_en_22779353.wav,1-22882-A-44.wav,stationary,15,16000,1,common_voice_en_22779353_stationary_1-22882-A-44_SNR_15dB_0239.wav,,
240,common_voice_en_21817015.wav,1-22882-A-44.wav,stationary,0,16000,1,common_voice_en_21817015_stationary_1-22882-A-44_SNR_0dB_0240.wav,,
241,common_voice_en_19451234.wav,1-115546-A-48.wav,impulsive,-5,16000,1,common_voice_en_19451234_impulsive_1-115546-A-48_SNR_-5dB_0241.wav,5.2568125,0.778625
242,common_voice_en_31191627.wav,1-115545-A-48.wav,impulsive,5,16000,1,common_voice_en_31191627_impulsive_1-115545-A-48_SNR_5dB_0242.wav,4.625,0.349375
243,common_voice_en_19854920.wav,1-50455-A-44.wav,stationary,0,16000,1,common_voice_en_19854920_stationary_1-50455-A-44_SNR_0dB_0243.wav,,
244,common_voice_en_30619683.wav,1-18527-B-44.wav,stationary,5,16000,1,common_voice_en_30619683_stationary_1-18527-B-44_SNR_5dB_0244.wav,,
245,common_voice_en_31191627.wav,1-18527-B-44.wav,stationary,0,16000,1,common_voice_en_31191627_stationary_1-18527-B-44_SNR_0dB_0245.wav,,
246,common_voice_en_27688638.wav,1-18527-B-44.wav,stationary,-5,16000,1,common_voice_en_27688638_stationary_1-18527-B-44_SNR_-5dB_0246.wav,,
247,common_voice_en_18561930.wav,1-22882-A-44.wav,stationary,0,16000,1,common_voice_en_18561930_stationary_1-22882-A-44_SNR_0dB_0247.wav,,
248,common_voice_en_30619683.wav,1-18527-B-44.wav,stationary,5,16000,1,common_voice_en_30619683_stationary_1-18527-B-44_SNR_5dB_0248.wav,,
249,common_voice_en_19657017.wav,1-160563-A-48.wav,impulsive,-5,16000,1,common_voice_en_19657017_impulsive_1-160563-A-48_SNR_-5dB_0249.wav,3.67225,0.1650625
250,common_voice_en_22779353.wav,helicopter.wav,non_stationary,10,16000,1,common_voice_en_22779353_non_stationary_helicopter_SNR_10dB_0250.wav,,
251,common_voice_en_26724560.wav,1-50455-A-44.wav,stationary,-5,16000,1,common_voice_en_26724560_stationary_1-50455-A-44_SNR_-5dB_0251.wav,,
252,common_voice_en_27004521.wav,1-18527-A-44.wav,stationary,-5,16000,1,common_voice_en_27004521_stationary_1-18527-A-44_SNR_-5dB_0252.wav,,
253,common_voice_en_25234748.wav,1-115546-A-48.wav,impulsive,20,16000,1,common_voice_en_25234748_impulsive_1-115546-A-48_SNR_20dB_0253.wav,2.9179375,0.2105
254,common_voice_en_24033982.wav,1-18527-A-44.wav,stationary,5,16000,1,common_voice_en_24033982_stationary_1-18527-A-44_SNR_5dB_0254.wav,,
255,common_voice_en_31191671.wav,1-18527-B-44.wav,stationary,5,16000,1,common_voice_en_31191671_stationary_1-18527-B-44_SNR_5dB_0255.wav,,
256,common_voice_en_30619674.wav,helicopter.wav,non_stationary,10,16000,1,common_voice_en_30619674_non_stationary_helicopter_SNR_10dB_0256.wav,,
257,common_voice_en_31191627.wav,helicopter.wav,non_stationary,15,16000,1,common_voice_en_31191627_non_stationary_helicopter_SNR_15dB_0257.wav,,
258,common_voice_en_31191669.wav,helicopter.wav,non_stationary,20,16000,1,common_voice_en_31191669_non_stationary_helicopter_SNR_20dB_0258.wav,,
259,common_voice_en_27703526.wav,1-115545-B-48.wav,impulsive,10,16000,1,common_voice_en_27703526_impulsive_1-115545-B-48_SNR_10dB_0259.wav,3.3899375,0.562375
260,common_voice_en_21663195.wav,1-115546-A-48.wav,impulsive,10,16000,1,common_voice_en_21663195_impulsive_1-115546-A-48_SNR_10dB_0260.wav,3.496,0.1973125
261,common_voice_en_21538040.wav,helicopter.wav,non_stationary,0,16000,1,common_voice_en_21538040_non_stationary_helicopter_SNR_0dB_0261.wav,,
262,common_voice_en_25234746.wav,1-18527-A-44.wav,stationary,-5,16000,1,common_voice_en_25234746_stationary_1-18527-A-44_SNR_-5dB_0262.wav,,
263,common_voice_en_19262159.wav,1-115545-C-48.wav,impulsive,0,16000,1,common_voice_en_19262159_impulsive_1-115545-C-48_SNR_0dB_0263.wav,4.8043125,0.6696875
264,common_voice_en_27703529.wav,helicopter.wav,non_stationary,10,16000,1,common_voice_en_27703529_non_stationary_helicopter_SNR_10dB_0264.wav,,
265,common_voice_en_21817014.wav,1-115546-A-48.wav,impulsive,20,16000,1,common_voice_en_21817014_impulsive_1-115546-A-48_SNR_20dB_0265.wav,5.119125,0.152625
266,common_voice_en_21817014.wav,1-50455-A-44.wav,stationary,0,16000,1,common_voice_en_21817014_stationary_1-50455-A-44_SNR_0dB_0266.wav,,
267,common_voice_en_19705427.wav,helicopter.wav,non_stationary,-5,16000,1,common_voice_en_19705427_non_stationary_helicopter_SNR_-5dB_0267.wav,,
268,common_voice_en_21817013.wav,1-115545-C-48.wav,impulsive,-5,16000,1,common_voice_en_21817013_impulsive_1-115545-C-48_SNR_-5dB_0268.wav,3.51525,0.38525
269,common_voice_en_27703529.wav,1-160563-A-48.wav,impulsive,15,16000,1,common_voice_en_27703529_impulsive_1-160563-A-48_SNR_15dB_0269.wav,4.988875,0.791125
270,common_voice_en_20260792.wav,1-22882-A-44.wav,stationary,20,16000,1,common_voice_en_20260792_stationary_1-22882-A-44_SNR_20dB_0270.wav,,
271,common_voice_en_21369215.wav,1-115545-C-48.wav,impulsive,-5,16000,1,common_voice_en_21369215_impulsive_1-115545-C-48_SNR_-5dB_0271.wav,4.63925,0.28575
272,common_voice_en_23612306.wav,1-18527-A-44.wav,stationary,-5,16000,1,common_voice_en_23612306_stationary_1-18527-A-44_SNR_-5dB_0272.wav,,
273,common_voice_en_27004523.wav,1-50454-A-44.wav,stationary,10,16000,1,common_voice_en_27004523_stationary_1-50454-A-44_SNR_10dB_0273.wav,,
274,common_voice_en_21663202.wav,1-22882-A-44.wav,stationary,20,16000,1,common_voice_en_21663202_stationary_1-22882-A-44_SNR_20dB_0274.wav,,
275,common_voice_en_27709076.wav,helicopter.wav,non_stationary,0,16000,1,common_voice_en_27709076_non_stationary_helicopter_SNR_0dB_0275.wav,,
276,common_voice_en_19726067.wav,1-115545-A-48.wav,impulsive,20,16000,1,common_voice_en_19726067_impulsive_1-115545-A-48_SNR_20dB_0276.wav,3.6299375,0.1835
277,common_voice_en_23731524.wav,helicopter.wav,non_stationary,10,16000,1,common_voice_en_23731524_non_stationary_helicopter_SNR_10dB_0277.wav,,
278,common_voice_en_20260793.wav,1-50455-A-44.wav,stationary,-5,16000,1,common_voice_en_20260793_stationary_1-50455-A-44_SNR_-5dB_0278.wav,,
279,common_voice_en_21817011.wav,helicopter.wav,non_stationary,20,16000,1,common_voice_en_21817011_non_stationary_helicopter_SNR_20dB_0279.wav,,
280,common_voice_en_31171727.wav,helicopter.wav,non_stationary,-5,16000,1,common_voice_en_31171727_non_stationary_helicopter_SNR_-5dB_0280.wav,,
281,common_voice_en_23612304.wav,1-115545-A-48.wav,impulsive,-5,16000,1,common_voice_en_23612304_impulsive_1-115545-A-48_SNR_-5dB_0281.wav,1.730375,0.3093125
282,common_voice_en_19657026.wav,1-115545-C-48.wav,impulsive,5,16000,1,common_voice_en_19657026_impulsive_1-115545-C-48_SNR_5dB_0282.wav,4.0745625,0.2228125
283,common_voice_en_23731526.wav,1-50454-A-44.wav,stationary,15,16000,1,common_voice_en_23731526_stationary_1-50454-A-44_SNR_15dB_0283.wav,,
284,common_voice_en_19951091.wav,helicopter.wav,non_stationary,-5,16000,1,common_voice_en_19951091_non_stationary_helicopter_SNR_-5dB_0284.wav,,
285,common_voice_en_18681422.wav,helicopter.wav,non_stationary,-5,16000,1,common_voice_en_18681422_non_stationary_helicopter_SNR_-5dB_0285.wav,,
286,common_voice_en_21538040.wav,helicopter.wav,non_stationary,20,16000,1,common_voice_en_21538040_non_stationary_helicopter_SNR_20dB_0286.wav,,
287,common_voice_en_23707413.wav,1-50454-A-44.wav,stationary,-5,16000,1,common_voice_en_23707413_stationary_1-50454-A-44_SNR_-5dB_0287.wav,,
288,common_voice_en_21538045.wav,1-50455-A-44.wav,stationary,10,16000,1,common_voice_en_21538045_stationary_1-50455-A-44_SNR_10dB_0288.wav,,
289,common_voice_en_22779353.wav,1-18527-A-44.wav,stationary,0,16000,1,common_voice_en_22779353_stationary_1-18527-A-44_SNR_0dB_0289.wav,,
290,common_voice_en_23731527.wav,helicopter.wav,non_stationary,10,16000,1,common_voice_en_23731527_non_stationary_helicopter_SNR_10dB_0290.wav,,
291,common_voice_en_21369215.wav,1-115545-B-48.wav,impulsive,5,16000,1,common_voice_en_21369215_impulsive_1-115545-B-48_SNR_5dB_0291.wav,4.181875,0.272125
292,common_voice_en_19451232.wav,helicopter.wav,non_stationary,5,16000,1,common_voice_en_19451232_non_stationary_helicopter_SNR_5dB_0292.wav,,
293,common_voice_en_19705425.wav,1-18527-B-44.wav,stationary,5,16000,1,common_voice_en_19705425_stationary_1-18527-B-44_SNR_5dB_0293.wav,,
294,common_voice_en_19767843.wav,1-18527-B-44.wav,stationary,20,16000,1,common_voice_en_19767843_stationary_1-18527-B-44_SNR_20dB_0294.wav,,
295,common_voice_en_18843979.wav,1-50454-A-44.wav,stationary,10,16000,1,common_voice_en_18843979_stationary_1-50454-A-44_SNR_10dB_0295.wav,,
296,common_voice_en_30619661.wav,helicopter.wav,non_stationary,20,16000,1,common_voice_en_30619661_non_stationary_helicopter_SNR_20dB_0296.wav,,
297,common_voice_en_21538040.wav,1-18527-A-44.wav,stationary,10,16000,1,common_voice_en_21538040_stationary_1-18527-A-44_SNR_10dB_0297.wav,,
298,common_voice_en_24033982.wav,helicopter.wav,non_stationary,15,16000,1,common_voice_en_24033982_non_stationary_helicopter_SNR_15dB_0298.wav,,
299,common_voice_en_18725367.wav,helicopter.wav,non_stationary,5,16000,1,common_voice_en_18725367_non_stationary_helicopter_SNR_5dB_0299.wav,,
300,common_voice_en_25113641.wav,helicopter.wav,non_stationary,5,16000,1,common_voice_en_25113641_non_stationary_helicopter_SNR_5dB_0300.wav,,
301,common_voice_en_18843979.wav,helicopter.wav,non_stationary,15,16000,1,common_voice_en_18843979_non_stationary_helicopter_SNR_15dB_0301.wav,,
302,common_voice_en_26724561.wav,helicopter.wav,non_stationary,10,16000,1,common_voice_en_26724561_non_stationary_helicopter_SNR_10dB_0302.wav,,
303,common_voice_en_21538044.wav,helicopter.wav,non_stationary,-5,16000,1,common_voice_en_21538044_non_stationary_helicopter_SNR_-5dB_0303.wav,,
304,common_voice_en_19262162.wav,1-115545-C-48.wav,impulsive,20,16000,1,common_voice_en_19262162_impulsive_1-115545-C-48_SNR_20dB_0304.wav,5.2930625,0.1863125
305,common_voice_en_19726720.wav,1-50454-A-44.wav,stationary,10,16000,1,common_voice_en_19726720_stationary_1-50454-A-44_SNR_10dB_0305.wav,,
306,common_voice_en_27004522.wav,helicopter.wav,non_stationary,5,16000,1,common_voice_en_27004522_non_stationary_helicopter_SNR_5dB_0306.wav,,
307,common_voice_en_22779359.wav,1-115546-A-48.wav,impulsive,10,16000,1,common_voice_en_22779359_impulsive_1-115546-A-48_SNR_10dB_0307.wav,6.4653125,0.4464375
308,common_voice_en_21663181.wav,1-18527-A-44.wav,stationary,15,16000,1,common_voice_en_21663181_stationary_1-18527-A-44_SNR_15dB_0308.wav,,
309,common_voice_en_22939427.wav,1-50455-A-44.wav,stationary,0,16000,1,common_voice_en_22939427_stationary_1-50455-A-44_SNR_0dB_0309.wav,,
310,common_voice_en_21663181.wav,1-18527-B-44.wav,stationary,5,16000,1,common_voice_en_21663181_stationary_1-18527-B-44_SNR_5dB_0310.wav,,
311,common_voice_en_21369215.wav,1-115546-A-48.wav,impulsive,0,16000,1,common_voice_en_21369215_impulsive_1-115546-A-48_SNR_0dB_0311.wav,2.5360625,0.7093125
312,common_voice_en_27703529.wav,helicopter.wav,non_stationary,0,16000,1,common_voice_en_27703529_non_stationary_helicopter_SNR_0dB_0312.wav,,
313,common_voice_en_27004522.wav,1-50454-A-44.wav,stationary,15,16000,1,common_voice_en_27004522_stationary_1-50454-A-44_SNR_15dB_0313.wav,,
314,common_voice_en_22779353.wav,1-22882-A-44.wav,stationary,0,16000,1,common_voice_en_22779353_stationary_1-22882-A-44_SNR_0dB_0314.wav,,
315,common_voice_en_19854923.wav,1-50454-A-44.wav,stationary,0,16000,1,common_voice_en_19854923_stationary_1-50454-A-44_SNR_0dB_0315.wav,,
316,common_voice_en_19951090.wav,1-115545-B-48.wav,impulsive,-5,16000,1,common_voice_en_19951090_impulsive_1-115545-B-48_SNR_-5dB_0316.wav,4.1589375,0.402875
317,common_voice_en_27688638.wav,1-160563-A-48.wav,impulsive,-5,16000,1,common_voice_en_27688638_impulsive_1-160563-A-48_SNR_-5dB_0317.wav,6.2775625,0.7778125
318,common_voice_en_580650.wav,1-50454-A-44.wav,stationary,0,16000,1,common_voice_en_580650_stationary_1-50454-A-44_SNR_0dB_0318.wav,,
319,common_voice_en_19726068.wav,1-50455-A-44.wav,stationary,0,16000,1,common_voice_en_19726068_stationary_1-50455-A-44_SNR_0dB_0319.wav,,
320,common_voice_en_24033981.wav,1-22882-A-44.wav,stationary,20,16000,1,common_voice_en_24033981_stationary_1-22882-A-44_SNR_20dB_0320.wav,,
321,common_voice_en_19952219.wav,1-160563-A-48.wav,impulsive,5,16000,1,common_voice_en_19952219_impulsive_1-160563-A-48_SNR_5dB_0321.wav,8.7491875,0.5596875
322,common_voice_en_19952220.wav,1-50454-A-44.wav,stationary,0,16000,1,common_voice_en_19952220_stationary_1-50454-A-44_SNR_0dB_0322.wav,,
323,common_voice_en_22779358.wav,helicopter.wav,non_stationary,10,16000,1,common_voice_en_22779358_non_stationary_helicopter_SNR_10dB_0323.wav,,
324,common_voice_en_21101337.wav,1-160563-A-48.wav,impulsive,15,16000,1,common_voice_en_21101337_impulsive_1-160563-A-48_SNR_15dB_0324.wav,1.635875,0.5286875
325,common_voice_en_31191669.wav,1-22882-A-44.wav,stationary,-5,16000,1,common_voice_en_31191669_stationary_1-22882-A-44_SNR_-5dB_0325.wav,,
326,common_voice_en_25234749.wav,1-160563-A-48.wav,impulsive,-5,16000,1,common_voice_en_25234749_impulsive_1-160563-A-48_SNR_-5dB_0326.wav,2.3351875,0.62825
327,common_voice_en_19227417.wav,1-115545-C-48.wav,impulsive,10,16000,1,common_voice_en_19227417_impulsive_1-115545-C-48_SNR_10dB_0327.wav,3.58375,0.625625
328,common_voice_en_19227420.wav,1-115545-B-48.wav,impulsive,10,16000,1,common_voice_en_19227420_impulsive_1-115545-B-48_SNR_10dB_0328.wav,3.3988125,0.4579375
329,common_voice_en_18725366.wav,helicopter.wav,non_stationary,0,16000,1,common_voice_en_18725366_non_stationary_helicopter_SNR_0dB_0329.wav,,
330,common_voice_en_22939427.wav,1-115545-C-48.wav,impulsive,0,16000,1,common_voice_en_22939427_impulsive_1-115545-C-48_SNR_0dB_0330.wav,7.6253125,0.1288125
331,common_voice_en_19262161.wav,1-115545-C-48.wav,impulsive,0,16000,1,common_voice_en_19262161_impulsive_1-115545-C-48_SNR_0dB_0331.wav,4.7001875,0.240875
332,common_voice_en_25234745.wav,helicopter.wav,non_stationary,20,16000,1,common_voice_en_25234745_non_stationary_helicopter_SNR_20dB_0332.wav,,
333,common_voice_en_25234745.wav,helicopter.wav,non_stationary,-5,16000,1,common_voice_en_25234745_non_stationary_helicopter_SNR_-5dB_0333.wav,,
334,common_voice_en_18561928.wav,1-18527-B-44.wav,stationary,15,16000,1,common_voice_en_18561928_stationary_1-18527-B-44_SNR_15dB_0334.wav,,
335,common_voice_en_31191671.wav,helicopter.wav,non_stationary,5,16000,1,common_voice_en_31191671_non_stationary_helicopter_SNR_5dB_0335.wav,,
336,common_voice_en_21369213.wav,1-18527-B-44.wav,stationary,10,16000,1,common_voice_en_21369213_stationary_1-18527-B-44_SNR_10dB_0336.wav,,
337,common_voice_en_580651.wav,helicopter.wav,non_stationary,10,16000,1,common_voice_en_580651_non_stationary_helicopter_SNR_10dB_0337.wav,,
338,common_voice_en_31191627.wav,helicopter.wav,non_stationary,20,16000,1,common_voice_en_31191627_non_stationary_helicopter_SNR_20dB_0338.wav,,
339,common_voice_en_19705423.wav,1-18527-A-44.wav,stationary,15,16000,1,common_voice_en_19705423_stationary_1-18527-A-44_SNR_15dB_0339.wav,,
340,common_voice_en_21817014.wav,1-50454-A-44.wav,stationary,0,16000,1,common_voice_en_21817014_stationary_1-50454-A-44_SNR_0dB_0340.wav,,
341,common_voice_en_19227417.wav,helicopter.wav,non_stationary,-5,16000,1,common_voice_en_19227417_non_stationary_helicopter_SNR_-5dB_0341.wav,,
342,common_voice_en_27004522.wav,helicopter.wav,non_stationary,10,16000,1,common_voice_en_27004522_non_stationary_helicopter_SNR_10dB_0342.wav,,
343,common_voice_en_25234745.wav,1-50454-A-44.wav,stationary,5,16000,1,common_voice_en_25234745_stationary_1-50454-A-44_SNR_5dB_0343.wav,,
344,common_voice_en_20242986.wav,1-115545-C-48.wav,impulsive,-5,16000,1,common_voice_en_20242986_impulsive_1-115545-C-48_SNR_-5dB_0344.wav,1.698375,0.4530625
345,common_voice_en_30619661.wav,1-115545-C-48.wav,impulsive,0,16000,1,common_voice_en_30619661_impulsive_1-115545-C-48_SNR_0dB_0345.wav,4.4729375,0.145375
346,common_voice_en_21663195.wav,1-115545-B-48.wav,impulsive,20,16000,1,common_voice_en_21663195_impulsive_1-115545-B-48_SNR_20dB_0346.wav,5.175125,0.57575
347,common_voice_en_19726722.wav,1-115545-A-48.wav,impulsive,20,16000,1,common_voice_en_19726722_impulsive_1-115545-A-48_SNR_20dB_0347.wav,2.403875,0.568625
348,common_voice_en_19767846.wav,1-18527-B-44.wav,stationary,-5,16000,1,common_voice_en_19767846_stationary_1-18527-B-44_SNR_-5dB_0348.wav,,
349,common_voice_en_21538040.wav,1-160563-A-48.wav,impulsive,10,16000,1,common_voice_en_21538040_impulsive_1-160563-A-48_SNR_10dB_0349.wav,2.075125,0.6560625
350,common_voice_en_18681419.wav,1-115545-B-48.wav,impulsive,5,16000,1,common_voice_en_18681419_impulsive_1-115545-B-48_SNR_5dB_0350.wav,5.37175,0.4655
351,common_voice_en_21663172.wav,1-22882-A-44.wav,stationary,10,16000,1,common_voice_en_21663172_stationary_1-22882-A-44_SNR_10dB_0351.wav,,
352,common_voice_en_24033981.wav,1-115546-A-48.wav,impulsive,5,16000,1,common_voice_en_24033981_impulsive_1-115546-A-48_SNR_5dB_0352.wav,5.669375,0.29125
353,common_voice_en_25695677.wav,helicopter.wav,non_stationary,-5,16000,1,common_voice_en_25695677_non_stationary_helicopter_SNR_-5dB_0353.wav,,
354,common_voice_en_23731524.wav,1-50455-A-44.wav,stationary,0,16000,1,common_voice_en_23731524_stationary_1-50455-A-44_SNR_0dB_0354.wav,,
355,common_voice_en_27688640.wav,1-18527-A-44.wav,stationary,-5,16000,1,common_voice_en_27688640_stationary_1-18527-A-44_SNR_-5dB_0355.wav,,
356,common_voice_en_21538045.wav,helicopter.wav,non_stationary,10,16000,1,common_voice_en_21538045_non_stationary_helicopter_SNR_10dB_0356.wav,,
357,common_voice_en_31191669.wav,1-115545-B-48.wav,impulsive,20,16000,1,common_voice_en_31191669_impulsive_1-115545-B-48_SNR_20dB_0357.wav,1.8314375,0.5545
358,common_voice_en_18681422.wav,1-115545-C-48.wav,impulsive,15,16000,1,common_voice_en_18681422_impulsive_1-115545-C-48_SNR_15dB_0358.wav,5.2385,0.545375
359,common_voice_en_18725367.wav,1-50454-A-44.wav,stationary,5,16000,1,common_voice_en_18725367_stationary_1-50454-A-44_SNR_5dB_0359.wav,,
360,common_voice_en_26724564.wav,1-115545-B-48.wav,impulsive,-5,16000,1,common_voice_en_26724564_impulsive_1-115545-B-48_SNR_-5dB_0360.wav,0.2850625,0.2461875
361,common_voice_en_19657017.wav,1-22882-A-44.wav,stationary,5,16000,1,common_voice_en_19657017_stationary_1-22882-A-44_SNR_5dB_0361.wav,,
362,common_voice_en_27709076.wav,1-18527-B-44.wav,stationary,20,16000,1,common_voice_en_27709076_stationary_1-18527-B-44_SNR_20dB_0362.wav,,
363,common_voice_en_24033984.wav,1-115545-C-48.wav,impulsive,10,16000,1,common_voice_en_24033984_impulsive_1-115545-C-48_SNR_10dB_0363.wav,1.1279375,0.1786875
364,common_voice_en_27004523.wav,helicopter.wav,non_stationary,20,16000,1,common_voice_en_27004523_non_stationary_helicopter_SNR_20dB_0364.wav,,
365,common_voice_en_20260796.wav,1-18527-A-44.wav,stationary,-5,16000,1,common_voice_en_20260796_stationary_1-18527-A-44_SNR_-5dB_0365.wav,,
366,common_voice_en_19726723.wav,helicopter.wav,non_stationary,15,16000,1,common_voice_en_19726723_non_stationary_helicopter_SNR_15dB_0366.wav,,
367,common_voice_en_19451233.wav,1-22882-A-44.wav,stationary,20,16000,1,common_voice_en_19451233_stationary_1-22882-A-44_SNR_20dB_0367.wav,,
368,common_voice_en_24033983.wav,1-50455-A-44.wav,stationary,5,16000,1,common_voice_en_24033983_stationary_1-50455-A-44_SNR_5dB_0368.wav,,
369,common_voice_en_25695670.wav,1-18527-B-44.wav,stationary,-5,16000,1,common_voice_en_25695670_stationary_1-18527-B-44_SNR_-5dB_0369.wav,,
370,common_voice_en_19726720.wav,1-115546-A-48.wav,impulsive,-5,16000,1,common_voice_en_19726720_impulsive_1-115546-A-48_SNR_-5dB_0370.wav,5.4709375,0.79825
371,common_voice_en_21817011.wav,1-160563-A-48.wav,impulsive,15,16000,1,common_voice_en_21817011_impulsive_1-160563-A-48_SNR_15dB_0371.wav,1.29025,0.3973125
372,common_voice_en_19726720.wav,1-160563-A-48.wav,impulsive,0,16000,1,common_voice_en_19726720_impulsive_1-160563-A-48_SNR_0dB_0372.wav,6.4885625,0.22425
373,common_voice_en_19657026.wav,1-50454-A-44.wav,stationary,-5,16000,1,common_voice_en_19657026_stationary_1-50454-A-44_SNR_-5dB_0373.wav,,
374,common_voice_en_22779353.wav,helicopter.wav,non_stationary,10,16000,1,common_voice_en_22779353_non_stationary_helicopter_SNR_10dB_0374.wav,,
375,common_voice_en_27703526.wav,1-18527-A-44.wav,stationary,-5,16000,1,common_voice_en_27703526_stationary_1-18527-A-44_SNR_-5dB_0375.wav,,
376,common_voice_en_21369215.wav,helicopter.wav,non_stationary,15,16000,1,common_voice_en_21369215_non_stationary_helicopter_SNR_15dB_0376.wav,,
377,common_voice_en_23707411.wav,1-160563-A-48.wav,impulsive,-5,16000,1,common_voice_en_23707411_impulsive_1-160563-A-48_SNR_-5dB_0377.wav,0.6075,0.2283125
378,common_voice_en_24033984.wav,helicopter.wav,non_stationary,0,16000,1,common_voice_en_24033984_non_stationary_helicopter_SNR_0dB_0378.wav,,
379,common_voice_en_27703526.wav,helicopter.wav,non_stationary,0,16000,1,common_voice_en_27703526_non_stationary_helicopter_SNR_0dB_0379.wav,,
380,common_voice_en_23731526.wav,helicopter.wav,non_stationary,-5,16000,1,common_voice_en_23731526_non_stationary_helicopter_SNR_-5dB_0380.wav,,
381,common_voice_en_27004519.wav,1-18527-B-44.wav,stationary,0,16000,1,common_voice_en_27004519_stationary_1-18527-B-44_SNR_0dB_0381.wav,,
382,common_voice_en_21538044.wav,1-115545-B-48.wav,impulsive,5,16000,1,common_voice_en_21538044_impulsive_1-115545-B-48_SNR_5dB_0382.wav,3.4649375,0.6313125
383,common_voice_en_19227416.wav,1-50455-A-44.wav,stationary,5,16000,1,common_voice_en_19227416_stationary_1-50455-A-44_SNR_5dB_0383.wav,,
384,common_voice_en_19657017.wav,helicopter.wav,non_stationary,15,16000,1,common_voice_en_19657017_non_stationary_helicopter_SNR_15dB_0384.wav,,
385,common_voice_en_19726070.wav,helicopter.wav,non_stationary,0,16000,1,common_voice_en_19726070_non_stationary_helicopter_SNR_0dB_0385.wav,,
386,common_voice_en_580651.wav,1-160563-A-48.wav,impulsive,5,16000,1,common_voice_en_580651_impulsive_1-160563-A-48_SNR_5dB_0386.wav,6.7603125,0.677125
387,common_voice_en_18561931.wav,1-50455-A-44.wav,stationary,5,16000,1,common_voice_en_18561931_stationary_1-50455-A-44_SNR_5dB_0387.wav,,
388,common_voice_en_19854922.wav,1-115546-A-48.wav,impulsive,15,16000,1,common_voice_en_19854922_impulsive_1-115546-A-48_SNR_15dB_0388.wav,4.079875,0.7543125
389,common_voice_en_27688640.wav,1-22882-A-44.wav,stationary,10,16000,1,common_voice_en_27688640_stationary_1-22882-A-44_SNR_10dB_0389.wav,,
390,common_voice_en_19952222.wav,1-115546-A-48.wav,impulsive,5,16000,1,common_voice_en_19952222_impulsive_1-115546-A-48_SNR_5dB_0390.wav,5.6410625,0.564375
391,common_voice_en_18725368.wav,1-50454-A-44.wav,stationary,10,16000,1,common_voice_en_18725368_stationary_1-50454-A-44_SNR_10dB_0391.wav,,
392,common_voice_en_25113641.wav,1-50455-A-44.wav,stationary,0,16000,1,common_voice_en_25113641_stationary_1-50455-A-44_SNR_0dB_0392.wav,,
393,common_voice_en_21538043.wav,1-115545-C-48.wav,impulsive,10,16000,1,common_voice_en_21538043_impulsive_1-115545-C-48_SNR_10dB_0393.wav,4.2186875,0.233875
394,common_voice_en_27703529.wav,1-18527-B-44.wav,stationary,10,16000,1,common_voice_en_27703529_stationary_1-18527-B-44_SNR_10dB_0394.wav,,
395,common_voice_en_19451234.wav,1-18527-B-44.wav,stationary,0,16000,1,common_voice_en_19451234_stationary_1-18527-B-44_SNR_0dB_0395.wav,,
396,common_voice_en_19262159.wav,1-50454-A-44.wav,stationary,15,16000,1,common_voice_en_19262159_stationary_1-50454-A-44_SNR_15dB_0396.wav,,
397,common_voice_en_23707414.wav,1-18527-B-44.wav,stationary,5,16000,1,common_voice_en_23707414_stationary_1-18527-B-44_SNR_5dB_0397.wav,,
398,common_voice_en_27709079.wav,1-115545-B-48.wav,impulsive,0,16000,1,common_voice_en_27709079_impulsive_1-115545-B-48_SNR_0dB_0398.wav,3.824125,0.6101875
399,common_voice_en_25695677.wav,1-115546-A-48.wav,impulsive,-5,16000,1,common_voice_en_25695677_impulsive_1-115546-A-48_SNR_-5dB_0399.wav,4.1405625,0.1921875
400,common_voice_en_25113640.wav,1-115545-B-48.wav,impulsive,15,16000,1,common_voice_en_25113640_impulsive_1-115545-B-48_SNR_15dB_0400.wav,0.207,0.4613125
401,common_voice_en_21101337.wav,helicopter.wav,non_stationary,5,16000,1,common_voice_en_21101337_non_stationary_helicopter_SNR_5dB_0401.wav,,
402,common_voice_en_27688637.wav,1-18527-A-44.wav,stationary,10,16000,1,common_voice_en_27688637_stationary_1-18527-A-44_SNR_10dB_0402.wav,,
403,common_voice_en_19657021.wav,1-115545-C-48.wav,impulsive,10,16000,1,common_voice_en_19657021_impulsive_1-115545-C-48_SNR_10dB_0403.wav,1.64075,0.4746875
404,common_voice_en_18725366.wav,helicopter.wav,non_stationary,5,16000,1,common_voice_en_18725366_non_stationary_helicopter_SNR_5dB_0404.wav,,
405,common_voice_en_27703526.wav,1-50454-A-44.wav,stationary,15,16000,1,common_voice_en_27703526_stationary_1-50454-A-44_SNR_15dB_0405.wav,,
406,common_voice_en_24033984.wav,1-115545-C-48.wav,impulsive,15,16000,1,common_voice_en_24033984_impulsive_1-115545-C-48_SNR_15dB_0406.wav,1.054,0.7966875
407,common_voice_en_19262159.wav,helicopter.wav,non_stationary,15,16000,1,common_voice_en_19262159_non_stationary_helicopter_SNR_15dB_0407.wav,,
408,common_voice_en_22779356.wav,1-115545-B-48.wav,impulsive,15,16000,1,common_voice_en_22779356_impulsive_1-115545-B-48_SNR_15dB_0408.wav,8.19325,0.6213125
409,common_voice_en_18681422.wav,1-18527-B-44.wav,stationary,20,16000,1,common_voice_en_18681422_stationary_1-18527-B-44_SNR_20dB_0409.wav,,
410,common_voice_en_21663181.wav,1-160563-A-48.wav,impulsive,10,16000,1,common_voice_en_21663181_impulsive_1-160563-A-48_SNR_10dB_0410.wav,1.1450625,0.2525
411,common_voice_en_21538045.wav,1-115545-C-48.wav,impulsive,0,16000,1,common_voice_en_21538045_impulsive_1-115545-C-48_SNR_0dB_0411.wav,4.86375,0.502375
412,common_voice_en_21663195.wav,helicopter.wav,non_stationary,20,16000,1,common_voice_en_21663195_non_stationary_helicopter_SNR_20dB_0412.wav,,
413,common_voice_en_27709075.wav,1-18527-A-44.wav,stationary,5,16000,1,common_voice_en_27709075_stationary_1-18527-A-44_SNR_5dB_0413.wav,,
414,common_voice_en_21663172.wav,helicopter.wav,non_stationary,15,16000,1,common_voice_en_21663172_non_stationary_helicopter_SNR_15dB_0414.wav,,
415,common_voice_en_18561930.wav,helicopter.wav,non_stationary,20,16000,1,common_voice_en_18561930_non_stationary_helicopter_SNR_20dB_0415.wav,,
416,common_voice_en_30619661.wav,helicopter.wav,non_stationary,15,16000,1,common_voice_en_30619661_non_stationary_helicopter_SNR_15dB_0416.wav,,
417,common_voice_en_25234748.wav,1-50455-A-44.wav,stationary,10,16000,1,common_voice_en_25234748_stationary_1-50455-A-44_SNR_10dB_0417.wav,,
418,common_voice_en_19952222.wav,1-18527-A-44.wav,stationary,0,16000,1,common_voice_en_19952222_stationary_1-18527-A-44_SNR_0dB_0418.wav,,
419,common_voice_en_18561928.wav,helicopter.wav,non_stationary,0,16000,1,common_voice_en_18561928_non_stationary_helicopter_SNR_0dB_0419.wav,,
420,common_voice_en_19854920.wav,helicopter.wav,non_stationary,20,16000,1,common_voice_en_19854920_non_stationary_helicopter_SNR_20dB_0420.wav,,
421,common_voice_en_18725368.wav,1-160563-A-48.wav,impulsive,0,16000,1,common_voice_en_18725368_impulsive_1-160563-A-48_SNR_0dB_0421.wav,3.9188125,0.6743125
422,common_voice_en_27004522.wav,helicopter.wav,non_stationary,10,16000,1,common_voice_en_27004522_non_stationary_helicopter_SNR_10dB_0422.wav,,
423,common_voice_en_27688636.wav,1-22882-A-44.wav,stationary,20,16000,1,common_voice_en_27688636_stationary_1-22882-A-44_SNR_20dB_0423.wav,,
424,common_voice_en_20242990.wav,helicopter.wav,non_stationary,0,16000,1,common_voice_en_20242990_non_stationary_helicopter_SNR_0dB_0424.wav,,
425,common_voice_en_20260796.wav,helicopter.wav,non_stationary,5,16000,1,common_voice_en_20260796_non_stationary_helicopter_SNR_5dB_0425.wav,,
426,common_voice_en_21101339.wav,1-115546-A-48.wav,impulsive,5,16000,1,common_voice_en_21101339_impulsive_1-115546-A-48_SNR_5dB_0426.wav,4.5915,0.5913125
427,common_voice_en_20260795.wav,1-50455-A-44.wav,stationary,20,16000,1,common_voice_en_20260795_stationary_1-50455-A-44_SNR_20dB_0427.wav,,
428,common_voice_en_22939425.wav,1-115546-A-48.wav,impulsive,5,16000,1,common_voice_en_22939425_impulsive_1-115546-A-48_SNR_5dB_0428.wav,0.3445625,0.2499375
429,common_voice_en_21101339.wav,1-115545-A-48.wav,impulsive,5,16000,1,common_voice_en_21101339_impulsive_1-115545-A-48_SNR_5dB_0429.wav,3.9245625,0.5529375
430,common_voice_en_19854923.wav,1-50455-A-44.wav,stationary,5,16000,1,common_voice_en_19854923_stationary_1-50455-A-44_SNR_5dB_0430.wav,,
431,common_voice_en_27703529.wav,helicopter.wav,non_stationary,-5,16000,1,common_voice_en_27703529_non_stationary_helicopter_SNR_-5dB_0431.wav,,
432,common_voice_en_580647.wav,1-115545-B-48.wav,impulsive,0,16000,1,common_voice_en_580647_impulsive_1-115545-B-48_SNR_0dB_0432.wav,1.8486875,0.1519375
433,common_voice_en_19951092.wav,1-50454-A-44.wav,stationary,5,16000,1,common_voice_en_19951092_stationary_1-50454-A-44_SNR_5dB_0433.wav,,
434,common_voice_en_25234745.wav,1-18527-B-44.wav,stationary,-5,16000,1,common_voice_en_25234745_stationary_1-18527-B-44_SNR_-5dB_0434.wav,,
435,common_voice_en_27703525.wav,1-115545-B-48.wav,impulsive,10,16000,1,common_voice_en_27703525_impulsive_1-115545-B-48_SNR_10dB_0435.wav,3.91125,0.7685
436,common_voice_en_19767846.wav,1-115545-C-48.wav,impulsive,5,16000,1,common_voice_en_19767846_impulsive_1-115545-C-48_SNR_5dB_0436.wav,6.297375,0.39225
437,common_voice_en_19227418.wav,helicopter.wav,non_stationary,15,16000,1,common_voice_en_19227418_non_stationary_helicopter_SNR_15dB_0437.wav,,
438,common_voice_en_18681419.wav,1-115545-B-48.wav,impulsive,10,16000,1,common_voice_en_18681419_impulsive_1-115545-B-48_SNR_10dB_0438.wav,3.252125,0.28
439,common_voice_en_25695673.wav,1-22882-A-44.wav,stationary,-5,16000,1,common_voice_en_25695673_stationary_1-22882-A-44_SNR_-5dB_0439.wav,,
440,common_voice_en_18522887.wav,1-50455-A-44.wav,stationary,-5,16000,1,common_voice_en_18522887_stationary_1-50455-A-44_SNR_-5dB_0440.wav,,
441,common_voice_en_21663181.wav,1-50455-A-44.wav,stationary,15,16000,1,common_voice_en_21663181_stationary_1-50455-A-44_SNR_15dB_0441.wav,,
442,common_voice_en_25695673.wav,1-115545-B-48.wav,impulsive,15,16000,1,common_voice_en_25695673_impulsive_1-115545-B-48_SNR_15dB_0442.wav,1.5795,0.57925
443,common_voice_en_19451218.wav,1-50454-A-44.wav,stationary,20,16000,1,common_voice_en_19451218_stationary_1-50454-A-44_SNR_20dB_0443.wav,,
444,common_voice_en_20242987.wav,1-115545-A-48.wav,impulsive,20,16000,1,common_voice_en_20242987_impulsive_1-115545-A-48_SNR_20dB_0444.wav,4.65125,0.4451875
445,common_voice_en_19767818.wav,1-50454-A-44.wav,stationary,10,16000,1,common_voice_en_19767818_stationary_1-50454-A-44_SNR_10dB_0445.wav,,
446,common_voice_en_26724564.wav,1-50454-A-44.wav,stationary,20,16000,1,common_voice_en_26724564_stationary_1-50454-A-44_SNR_20dB_0446.wav,,
447,common_voice_en_19262159.wav,1-18527-B-44.wav,stationary,10,16000,1,common_voice_en_19262159_stationary_1-18527-B-44_SNR_10dB_0447.wav,,
448,common_voice_en_21538044.wav,1-115545-A-48.wav,impulsive,5,16000,1,common_voice_en_21538044_impulsive_1-115545-A-48_SNR_5dB_0448.wav,1.8298125,0.49275
449,common_voice_en_20260792.wav,1-115545-C-48.wav,impulsive,15,16000,1,common_voice_en_20260792_impulsive_1-115545-C-48_SNR_15dB_0449.wav,2.142625,0.686625
450,common_voice_en_22779353.wav,helicopter.wav,non_stationary,20,16000,1,common_voice_en_22779353_non_stationary_helicopter_SNR_20dB_0450.wav,,
451,common_voice_en_19451233.wav,helicopter.wav,non_stationary,10,16000,1,common_voice_en_19451233_non_stationary_helicopter_SNR_10dB_0451.wav,,
452,common_voice_en_26724560.wav,1-115545-C-48.wav,impulsive,20,16000,1,common_voice_en_26724560_impulsive_1-115545-C-48_SNR_20dB_0452.wav,3.010875,0.2201875
453,common_voice_en_580647.wav,1-18527-B-44.wav,stationary,10,16000,1,common_voice_en_580647_stationary_1-18527-B-44_SNR_10dB_0453.wav,,
454,common_voice_en_19705427.wav,helicopter.wav,non_stationary,10,16000,1,common_voice_en_19705427_non_stationary_helicopter_SNR_10dB_0454.wav,,
455,common_voice_en_27703525.wav,1-160563-A-48.wav,impulsive,20,16000,1,common_voice_en_27703525_impulsive_1-160563-A-48_SNR_20dB_0455.wav,4.880875,0.323625
456,common_voice_en_19227416.wav,helicopter.wav,non_stationary,-5,16000,1,common_voice_en_19227416_non_stationary_helicopter_SNR_-5dB_0456.wav,,
457,common_voice_en_27709075.wav,1-50455-A-44.wav,stationary,15,16000,1,common_voice_en_27709075_stationary_1-50455-A-44_SNR_15dB_0457.wav,,
458,common_voice_en_19767846.wav,helicopter.wav,non_stationary,0,16000,1,common_voice_en_19767846_non_stationary_helicopter_SNR_0dB_0458.wav,,
459,common_voice_en_21538045.wav,1-115546-A-48.wav,impulsive,-5,16000,1,common_voice_en_21538045_impulsive_1-115546-A-48_SNR_-5dB_0459.wav,5.8729375,0.7965625
460,common_voice_en_30619674.wav,helicopter.wav,non_stationary,-5,16000,1,common_voice_en_30619674_non_stationary_helicopter_SNR_-5dB_0460.wav,,
461,common_voice_en_25113639.wav,1-50454-A-44.wav,stationary,10,16000,1,common_voice_en_25113639_stationary_1-50454-A-44_SNR_10dB_0461.wav,,
462,common_voice_en_18725367.wav,helicopter.wav,non_stationary,20,16000,1,common_voice_en_18725367_non_stationary_helicopter_SNR_20dB_0462.wav,,
463,common_voice_en_18561929.wav,helicopter.wav,non_stationary,20,16000,1,common_voice_en_18561929_non_stationary_helicopter_SNR_20dB_0463.wav,,
464,common_voice_en_30619661.wav,1-50454-A-44.wav,stationary,5,16000,1,common_voice_en_30619661_stationary_1-50454-A-44_SNR_5dB_0464.wav,,
465,common_voice_en_18843976.wav,helicopter.wav,non_stationary,-5,16000,1,common_voice_en_18843976_non_stationary_helicopter_SNR_-5dB_0465.wav,,
466,common_voice_en_25234745.wav,1-50454-A-44.wav,stationary,0,16000,1,common_voice_en_25234745_stationary_1-50454-A-44_SNR_0dB_0466.wav,,
467,common_voice_en_19657021.wav,1-115546-A-48.wav,impulsive,5,16000,1,common_voice_en_19657021_impulsive_1-115546-A-48_SNR_5dB_0467.wav,3.5619375,0.491625
468,common_voice_en_22939424.wav,helicopter.wav,non_stationary,20,16000,1,common_voice_en_22939424_non_stationary_helicopter_SNR_20dB_0468.wav,,
469,common_voice_en_21817013.wav,1-50455-A-44.wav,stationary,10,16000,1,common_voice_en_21817013_stationary_1-50455-A-44_SNR_10dB_0469.wav,,
470,common_voice_en_27004523.wav,1-18527-B-44.wav,stationary,-5,16000,1,common_voice_en_27004523_stationary_1-18527-B-44_SNR_-5dB_0470.wav,,
471,common_voice_en_18561929.wav,1-115546-A-48.wav,impulsive,20,16000,1,common_voice_en_18561929_impulsive_1-115546-A-48_SNR_20dB_0471.wav,2.17875,0.6575
472,common_voice_en_22939425.wav,1-115545-B-48.wav,impulsive,10,16000,1,common_voice_en_22939425_impulsive_1-115545-B-48_SNR_10dB_0472.wav,2.2580625,0.4544375
473,common_voice_en_19767817.wav,1-115545-A-48.wav,impulsive,-5,16000,1,common_voice_en_19767817_impulsive_1-115545-A-48_SNR_-5dB_0473.wav,5.0374375,0.776
474,common_voice_en_18561928.wav,1-18527-A-44.wav,stationary,-5,16000,1,common_voice_en_18561928_stationary_1-18527-A-44_SNR_-5dB_0474.wav,,
475,common_voice_en_18681417.wav,helicopter.wav,non_stationary,0,16000,1,common_voice_en_18681417_non_stationary_helicopter_SNR_0dB_0475.wav,,
476,common_voice_en_18681425.wav,helicopter.wav,non_stationary,15,16000,1,common_voice_en_18681425_non_stationary_helicopter_SNR_15dB_0476.wav,,
477,common_voice_en_19854924.wav,1-115545-A-48.wav,impulsive,0,16000,1,common_voice_en_19854924_impulsive_1-115545-A-48_SNR_0dB_0477.wav,1.91825,0.6159375
478,common_voice_en_27709079.wav,1-50455-A-44.wav,stationary,20,16000,1,common_voice_en_27709079_stationary_1-50455-A-44_SNR_20dB_0478.wav,,
479,common_voice_en_21538044.wav,1-18527-B-44.wav,stationary,20,16000,1,common_voice_en_21538044_stationary_1-18527-B-44_SNR_20dB_0479.wav,,
480,common_voice_en_19951089.wav,helicopter.wav,non_stationary,-5,16000,1,common_voice_en_19951089_non_stationary_helicopter_SNR_-5dB_0480.wav,,
481,common_voice_en_27703528.wav,1-115545-B-48.wav,impulsive,20,16000,1,common_voice_en_27703528_impulsive_1-115545-B-48_SNR_20dB_0481.wav,2.27675,0.795
482,common_voice_en_25695673.wav,1-22882-A-44.wav,stationary,20,16000,1,common_voice_en_25695673_stationary_1-22882-A-44_SNR_20dB_0482.wav,,
483,common_voice_en_22939425.wav,1-115545-C-48.wav,impulsive,20,16000,1,common_voice_en_22939425_impulsive_1-115545-C-48_SNR_20dB_0483.wav,1.222375,0.5263125
484,common_voice_en_21369211.wav,helicopter.wav,non_stationary,0,16000,1,common_voice_en_21369211_non_stationary_helicopter_SNR_0dB_0484.wav,,
485,common_voice_en_19951090.wav,1-18527-B-44.wav,stationary,10,16000,1,common_voice_en_19951090_stationary_1-18527-B-44_SNR_10dB_0485.wav,,
486,common_voice_en_18725367.wav,helicopter.wav,non_stationary,15,16000,1,common_voice_en_18725367_non_stationary_helicopter_SNR_15dB_0486.wav,,
487,common_voice_en_27004523.wav,1-18527-B-44.wav,stationary,5,16000,1,common_voice_en_27004523_stationary_1-18527-B-44_SNR_5dB_0487.wav,,
488,common_voice_en_19854920.wav,1-18527-A-44.wav,stationary,10,16000,1,common_voice_en_19854920_stationary_1-18527-A-44_SNR_10dB_0488.wav,,
489,common_voice_en_22779358.wav,1-18527-B-44.wav,stationary,-5,16000,1,common_voice_en_22779358_stationary_1-18527-B-44_SNR_-5dB_0489.wav,,
490,common_voice_en_20260792.wav,helicopter.wav,non_stationary,-5,16000,1,common_voice_en_20260792_non_stationary_helicopter_SNR_-5dB_0490.wav,,
491,common_voice_en_19767817.wav,1-160563-A-48.wav,impulsive,20,16000,1,common_voice_en_19767817_impulsive_1-160563-A-48_SNR_20dB_0491.wav,3.9271875,0.7875625
492,common_voice_en_19854922.wav,1-115545-C-48.wav,impulsive,5,16000,1,common_voice_en_19854922_impulsive_1-115545-C-48_SNR_5dB_0492.wav,1.556625,0.1156875
493,common_voice_en_19451233.wav,1-115546-A-48.wav,impulsive,0,16000,1,common_voice_en_19451233_impulsive_1-115546-A-48_SNR_0dB_0493.wav,3.2491875,0.718875
494,common_voice_en_19952220.wav,helicopter.wav,non_stationary,10,16000,1,common_voice_en_19952220_non_stationary_helicopter_SNR_10dB_0494.wav,,
495,common_voice_en_25113642.wav,helicopter.wav,non_stationary,5,16000,1,common_voice_en_25113642_non_stationary_helicopter_SNR_5dB_0495.wav,,
496,common_voice_en_20242988.wav,helicopter.wav,non_stationary,10,16000,1,common_voice_en_20242988_non_stationary_helicopter_SNR_10dB_0496.wav,,
497,common_voice_en_19262161.wav,1-115546-A-48.wav,impulsive,5,16000,1,common_voice_en_19262161_impulsive_1-115546-A-48_SNR_5dB_0497.wav,5.126875,0.308
498,common_voice_en_23707411.wav,1-18527-B-44.wav,stationary,20,16000,1,common_voice_en_23707411_stationary_1-18527-B-44_SNR_20dB_0498.wav,,
499,common_voice_en_19705425.wav,1-50455-A-44.wav,stationary,15,16000,1,common_voice_en_19705425_stationary_1-50455-A-44_SNR_15dB_0499.wav,,
500,common_voice_en_30619661.wav,1-115545-C-48.wav,impulsive,0,16000,1,common_voice_en_30619661_impulsive_1-115545-C-48_SNR_0dB_0500.wav,1.8843125,0.300875
501,common_voice_en_22939425.wav,helicopter.wav,non_stationary,10,16000,1,common_voice_en_22939425_non_stationary_helicopter_SNR_10dB_0501.wav,,
502,common_voice_en_27703525.wav,helicopter.wav,non_stationary,5,16000,1,common_voice_en_27703525_non_stationary_helicopter_SNR_5dB_0502.wav,,
503,common_voice_en_25695670.wav,1-115546-A-48.wav,impulsive,10,16000,1,common_voice_en_25695670_impulsive_1-115546-A-48_SNR_10dB_0503.wav,0.69325,0.27225
504,common_voice_en_19657026.wav,1-115546-A-48.wav,impulsive,0,16000,1,common_voice_en_19657026_impulsive_1-115546-A-48_SNR_0dB_0504.wav,4.292125,0.655125
505,common_voice_en_18681417.wav,1-115545-A-48.wav,impulsive,20,16000,1,common_voice_en_18681417_impulsive_1-115545-A-48_SNR_20dB_0505.wav,3.3783125,0.149625
506,common_voice_en_19657026.wav,1-115545-B-48.wav,impulsive,-5,16000,1,common_voice_en_19657026_impulsive_1-115545-B-48_SNR_-5dB_0506.wav,1.79175,0.254625
507,common_voice_en_26724561.wav,helicopter.wav,non_stationary,15,16000,1,common_voice_en_26724561_non_stationary_helicopter_SNR_15dB_0507.wav,,
508,common_voice_en_25695666.wav,1-50455-A-44.wav,stationary,15,16000,1,common_voice_en_25695666_stationary_1-50455-A-44_SNR_15dB_0508.wav,,
509,common_voice_en_18522889.wav,1-22882-A-44.wav,stationary,15,16000,1,common_voice_en_18522889_stationary_1-22882-A-44_SNR_15dB_0509.wav,,
510,common_voice_en_18561928.wav,helicopter.wav,non_stationary,0,16000,1,common_voice_en_18561928_non_stationary_helicopter_SNR_0dB_0510.wav,,
511,common_voice_en_19262159.wav,helicopter.wav,non_stationary,0,16000,1,common_voice_en_19262159_non_stationary_helicopter_SNR_0dB_0511.wav,,
512,common_voice_en_580650.wav,helicopter.wav,non_stationary,5,16000,1,common_voice_en_580650_non_stationary_helicopter_SNR_5dB_0512.wav,,
513,common_voice_en_23612304.wav,1-50454-A-44.wav,stationary,10,16000,1,common_voice_en_23612304_stationary_1-50454-A-44_SNR_10dB_0513.wav,,
514,common_voice_en_19952222.wav,1-115545-B-48.wav,impulsive,5,16000,1,common_voice_en_19952222_impulsive_1-115545-B-48_SNR_5dB_0514.wav,0.7659375,0.1825
515,common_voice_en_23612307.wav,helicopter.wav,non_stationary,-5,16000,1,common_voice_en_23612307_non_stationary_helicopter_SNR_-5dB_0515.wav,,
516,common_voice_en_18522887.wav,1-115545-A-48.wav,impulsive,10,16000,1,common_voice_en_18522887_impulsive_1-115545-A-48_SNR_10dB_0516.wav,2.3176875,0.5443125
517,common_voice_en_19262159.wav,1-115545-A-48.wav,impulsive,0,16000,1,common_voice_en_19262159_impulsive_1-115545-A-48_SNR_0dB_0517.wav,3.89525,0.3164375
518,common_voice_en_20260793.wav,1-18527-A-44.wav,stationary,20,16000,1,common_voice_en_20260793_stationary_1-18527-A-44_SNR_20dB_0518.wav,,
519,common_voice_en_20260796.wav,1-160563-A-48.wav,impulsive,20,16000,1,common_voice_en_20260796_impulsive_1-160563-A-48_SNR_20dB_0519.wav,6.9666875,0.1336875
520,common_voice_en_21538040.wav,1-18527-B-44.wav,stationary,15,16000,1,common_voice_en_21538040_stationary_1-18527-B-44_SNR_15dB_0520.wav,,
521,common_voice_en_19705423.wav,1-115546-A-48.wav,impulsive,-5,16000,1,common_voice_en_19705423_impulsive_1-115546-A-48_SNR_-5dB_0521.wav,4.6199375,0.4064375
522,common_voice_en_19952220.wav,helicopter.wav,non_stationary,20,16000,1,common_voice_en_19952220_non_stationary_helicopter_SNR_20dB_0522.wav,,
523,common_voice_en_27688638.wav,1-18527-B-44.wav,stationary,20,16000,1,common_voice_en_27688638_stationary_1-18527-B-44_SNR_20dB_0523.wav,,
524,common_voice_en_19227416.wav,helicopter.wav,non_stationary,-5,16000,1,common_voice_en_19227416_non_stationary_helicopter_SNR_-5dB_0524.wav,,
525,common_voice_en_19262161.wav,helicopter.wav,non_stationary,5,16000,1,common_voice_en_19262161_non_stationary_helicopter_SNR_5dB_0525.wav,,
526,common_voice_en_31191669.wav,1-160563-A-48.wav,impulsive,10,16000,1,common_voice_en_31191669_impulsive_1-160563-A-48_SNR_10dB_0526.wav,2.5973125,0.4341875
527,common_voice_en_20260793.wav,1-115546-A-48.wav,impulsive,10,16000,1,common_voice_en_20260793_impulsive_1-115546-A-48_SNR_10dB_0527.wav,4.5304375,0.3335625
528,common_voice_en_22939424.wav,helicopter.wav,non_stationary,-5,16000,1,common_voice_en_22939424_non_stationary_helicopter_SNR_-5dB_0528.wav,,
529,common_voice_en_580650.wav,1-18527-B-44.wav,stationary,20,16000,1,common_voice_en_580650_stationary_1-18527-B-44_SNR_20dB_0529.wav,,
530,common_voice_en_18843978.wav,1-18527-B-44.wav,stationary,10,16000,1,common_voice_en_18843978_stationary_1-18527-B-44_SNR_10dB_0530.wav,,
531,common_voice_en_19705427.wav,1-115545-C-48.wav,impulsive,5,16000,1,common_voice_en_19705427_impulsive_1-115545-C-48_SNR_5dB_0531.wav,0.0425,0.2090625
532,common_voice_en_21369214.wav,helicopter.wav,non_stationary,-5,16000,1,common_voice_en_21369214_non_stationary_helicopter_SNR_-5dB_0532.wav,,
533,common_voice_en_19227418.wav,1-50454-A-44.wav,stationary,15,16000,1,common_voice_en_19227418_stationary_1-50454-A-44_SNR_15dB_0533.wav,,
534,common_voice_en_27703528.wav,helicopter.wav,non_stationary,-5,16000,1,common_voice_en_27703528_non_stationary_helicopter_SNR_-5dB_0534.wav,,
535,common_voice_en_21817014.wav,helicopter.wav,non_stationary,10,16000,1,common_voice_en_21817014_non_stationary_helicopter_SNR_10dB_0535.wav,,
536,common_voice_en_18522889.wav,1-50454-A-44.wav,stationary,-5,16000,1,common_voice_en_18522889_stationary_1-50454-A-44_SNR_-5dB_0536.wav,,
537,common_voice_en_27703529.wav,1-115545-B-48.wav,impulsive,15,16000,1,common_voice_en_27703529_impulsive_1-115545-B-48_SNR_15dB_0537.wav,3.1189375,0.6335625
538,common_voice_en_19726070.wav,1-22882-A-44.wav,stationary,5,16000,1,common_voice_en_19726070_stationary_1-22882-A-44_SNR_5dB_0538.wav,,
539,common_voice_en_25695673.wav,1-18527-B-44.wav,stationary,10,16000,1,common_voice_en_25695673_stationary_1-18527-B-44_SNR_10dB_0539.wav,,
540,common_voice_en_20260795.wav,helicopter.wav,non_stationary,-5,16000,1,common_voice_en_20260795_non_stationary_helicopter_SNR_-5dB_0540.wav,,
541,common_voice_en_20242986.wav,1-115546-A-48.wav,impulsive,15,16000,1,common_voice_en_20242986_impulsive_1-115546-A-48_SNR_15dB_0541.wav,7.5015625,0.7314375
542,common_voice_en_19262163.wav,1-18527-A-44.wav,stationary,10,16000,1,common_voice_en_19262163_stationary_1-18527-A-44_SNR_10dB_0542.wav,,
543,common_voice_en_21663181.wav,1-115546-A-48.wav,impulsive,5,16000,1,common_voice_en_21663181_impulsive_1-115546-A-48_SNR_5dB_0543.wav,3.5275625,0.55075
544,common_voice_en_31191627.wav,1-22882-A-44.wav,stationary,15,16000,1,common_voice_en_31191627_stationary_1-22882-A-44_SNR_15dB_0544.wav,,
545,common_voice_en_19767846.wav,helicopter.wav,non_stationary,10,16000,1,common_voice_en_19767846_non_stationary_helicopter_SNR_10dB_0545.wav,,
546,common_voice_en_21538043.wav,1-50454-A-44.wav,stationary,15,16000,1,common_voice_en_21538043_stationary_1-50454-A-44_SNR_15dB_0546.wav,,
547,common_voice_en_19952222.wav,1-22882-A-44.wav,stationary,10,16000,1,common_voice_en_19952222_stationary_1-22882-A-44_SNR_10dB_0547.wav,,
548,common_voice_en_22779356.wav,1-50455-A-44.wav,stationary,0,16000,1,common_voice_en_22779356_stationary_1-50455-A-44_SNR_0dB_0548.wav,,
549,common_voice_en_31171727.wav,1-115545-B-48.wav,impulsive,20,16000,1,common_voice_en_31171727_impulsive_1-115545-B-48_SNR_20dB_0549.wav,3.7815625,0.66325
550,common_voice_en_19854922.wav,helicopter.wav,non_stationary,20,16000,1,common_voice_en_19854922_non_stationary_helicopter_SNR_20dB_0550.wav,,
551,common_voice_en_18843977.wav,1-115546-A-48.wav,impulsive,20,16000,1,common_voice_en_18843977_impulsive_1-115546-A-48_SNR_20dB_0551.wav,4.9615625,0.61125
552,common_voice_en_19952220.wav,1-18527-B-44.wav,stationary,20,16000,1,common_voice_en_19952220_stationary_1-18527-B-44_SNR_20dB_0552.wav,,
553,common_voice_en_23731524.wav,1-115545-A-48.wav,impulsive,10,16000,1,common_voice_en_23731524_impulsive_1-115545-A-48_SNR_10dB_0553.wav,4.7696875,0.71225
554,common_voice_en_23612306.wav,helicopter.wav,non_stationary,15,16000,1,common_voice_en_23612306_non_stationary_helicopter_SNR_15dB_0554.wav,,
555,common_voice_en_18681419.wav,1-115545-C-48.wav,impulsive,20,16000,1,common_voice_en_18681419_impulsive_1-115545-C-48_SNR_20dB_0555.wav,0.8959375,0.64975
556,common_voice_en_19952223.wav,helicopter.wav,non_stationary,0,16000,1,common_voice_en_19952223_non_stationary_helicopter_SNR_0dB_0556.wav,,
557,common_voice_en_580646.wav,1-50454-A-44.wav,stationary,5,16000,1,common_voice_en_580646_stationary_1-50454-A-44_SNR_5dB_0557.wav,,
558,common_voice_en_19262163.wav,1-22882-A-44.wav,stationary,0,16000,1,common_voice_en_19262163_stationary_1-22882-A-44_SNR_0dB_0558.wav,,
559,common_voice_en_26724562.wav,1-160563-A-48.wav,impulsive,15,16000,1,common_voice_en_26724562_impulsive_1-160563-A-48_SNR_15dB_0559.wav,3.6518125,0.689
560,common_voice_en_22779359.wav,helicopter.wav,non_stationary,5,16000,1,common_voice_en_22779359_non_stationary_helicopter_SNR_5dB_0560.wav,,
561,common_voice_en_18561930.wav,helicopter.wav,non_stationary,10,16000,1,common_voice_en_18561930_non_stationary_helicopter_SNR_10dB_0561.wav,,
562,common_voice_en_19227417.wav,1-18527-B-44.wav,stationary,5,16000,1,common_voice_en_19227417_stationary_1-18527-B-44_SNR_5dB_0562.wav,,
563,common_voice_en_21369215.wav,1-18527-B-44.wav,stationary,15,16000,1,common_voice_en_21369215_stationary_1-18527-B-44_SNR_15dB_0563.wav,,
564,common_voice_en_25234749.wav,1-18527-A-44.wav,stationary,10,16000,1,common_voice_en_25234749_stationary_1-18527-A-44_SNR_10dB_0564.wav,,
565,common_voice_en_21538043.wav,1-18527-A-44.wav,stationary,20,16000,1,common_voice_en_21538043_stationary_1-18527-A-44_SNR_20dB_0565.wav,,
566,common_voice_en_19451232.wav,1-22882-A-44.wav,stationary,20,16000,1,common_voice_en_19451232_stationary_1-22882-A-44_SNR_20dB_0566.wav,,
567,common_voice_en_19726069.wav,1-115545-B-48.wav,impulsive,15,16000,1,common_voice_en_19726069_impulsive_1-115545-B-48_SNR_15dB_0567.wav,1.3118125,0.278625
568,common_voice_en_21663172.wav,helicopter.wav,non_stationary,0,16000,1,common_voice_en_21663172_non_stationary_helicopter_SNR_0dB_0568.wav,,
569,common_voice_en_19726723.wav,1-50454-A-44.wav,stationary,10,16000,1,common_voice_en_19726723_stationary_1-50454-A-44_SNR_10dB_0569.wav,,
570,common_voice_en_18561931.wav,1-115545-B-48.wav,impulsive,10,16000,1,common_voice_en_18561931_impulsive_1-115545-B-48_SNR_10dB_0570.wav,1.592625,0.706375
571,common_voice_en_18522886.wav,1-115545-B-48.wav,impulsive,5,16000,1,common_voice_en_18522886_impulsive_1-115545-B-48_SNR_5dB_0571.wav,0.41675,0.1640625
572,common_voice_en_27688637.wav,1-22882-A-44.wav,stationary,0,16000,1,common_voice_en_27688637_stationary_1-22882-A-44_SNR_0dB_0572.wav,,
573,common_voice_en_25113640.wav,1-50454-A-44.wav,stationary,15,16000,1,common_voice_en_25113640_stationary_1-50454-A-44_SNR_15dB_0573.wav,,
574,common_voice_en_21538040.wav,helicopter.wav,non_stationary,15,16000,1,common_voice_en_21538040_non_stationary_helicopter_SNR_15dB_0574.wav,,
575,common_voice_en_19451232.wav,1-50454-A-44.wav,stationary,15,16000,1,common_voice_en_19451232_stationary_1-50454-A-44_SNR_15dB_0575.wav,,
576,common_voice_en_21369211.wav,1-160563-A-48.wav,impulsive,-5,16000,1,common_voice_en_21369211_impulsive_1-160563-A-48_SNR_-5dB_0576.wav,2.5655625,0.7881875
577,common_voice_en_19451233.wav,1-18527-A-44.wav,stationary,0,16000,1,common_voice_en_19451233_stationary_1-18527-A-44_SNR_0dB_0577.wav,,
578,common_voice_en_22779359.wav,helicopter.wav,non_stationary,10,16000,1,common_voice_en_22779359_non_stationary_helicopter_SNR_10dB_0578.wav,,
579,common_voice_en_31191627.wav,1-50454-A-44.wav,stationary,10,16000,1,common_voice_en_31191627_stationary_1-50454-A-44_SNR_10dB_0579.wav,,
580,common_voice_en_19726723.wav,helicopter.wav,non_stationary,15,16000,1,common_voice_en_19726723_non_stationary_helicopter_SNR_15dB_0580.wav,,
581,common_voice_en_19726069.wav,helicopter.wav,non_stationary,0,16000,1,common_voice_en_19726069_non_stationary_helicopter_SNR_0dB_0581.wav,,
582,common_voice_en_21538040.wav,1-160563-A-48.wav,impulsive,-5,16000,1,common_voice_en_21538040_impulsive_1-160563-A-48_SNR_-5dB_0582.wav,3.969875,0.467625
583,common_voice_en_19657021.wav,1-50454-A-44.wav,stationary,15,16000,1,common_voice_en_19657021_stationary_1-50454-A-44_SNR_15dB_0583.wav,,
584,common_voice_en_25695673.wav,helicopter.wav,non_stationary,10,16000,1,common_voice_en_25695673_non_stationary_helicopter_SNR_10dB_0584.wav,,
585,common_voice_en_24033982.wav,helicopter.wav,non_stationary,15,16000,1,common_voice_en_24033982_non_stationary_helicopter_SNR_15dB_0585.wav,,
586,common_voice_en_18561931.wav,1-115545-B-48.wav,impulsive,5,16000,1,common_voice_en_18561931_impulsive_1-115545-B-48_SNR_5dB_0586.wav,0.9209375,0.1334375
587,common_voice_en_27688637.wav,1-50454-A-44.wav,stationary,15,16000,1,common_voice_en_27688637_stationary_1-50454-A-44_SNR_15dB_0587.wav,,
588,common_voice_en_25695673.wav,helicopter.wav,non_stationary,15,16000,1,common_voice_en_25695673_non_stationary_helicopter_SNR_15dB_0588.wav,,
589,common_voice_en_19451232.wav,1-50455-A-44.wav,stationary,5,16000,1,common_voice_en_19451232_stationary_1-50455-A-44_SNR_5dB_0589.wav,,
590,common_voice_en_24033981.wav,helicopter.wav,non_stationary,-5,16000,1,common_voice_en_24033981_non_stationary_helicopter_SNR_-5dB_0590.wav,,
591,common_voice_en_19952223.wav,1-18527-A-44.wav,stationary,10,16000,1,common_voice_en_19952223_stationary_1-18527-A-44_SNR_10dB_0591.wav,,
592,common_voice_en_20242990.wav,1-18527-A-44.wav,stationary,10,16000,1,common_voice_en_20242990_stationary_1-18527-A-44_SNR_10dB_0592.wav,,
593,common_voice_en_19451233.wav,1-115545-B-48.wav,impulsive,0,16000,1,common_voice_en_19451233_impulsive_1-115545-B-48_SNR_0dB_0593.wav,3.5075,0.702
594,common_voice_en_19726069.wav,helicopter.wav,non_stationary,0,16000,1,common_voice_en_19726069_non_stationary_helicopter_SNR_0dB_0594.wav,,
595,common_voice_en_18725368.wav,helicopter.wav,non_stationary,15,16000,1,common_voice_en_18725368_non_stationary_helicopter_SNR_15dB_0595.wav,,
596,common_voice_en_27688637.wav,1-22882-A-44.wav,stationary,5,16000,1,common_voice_en_27688637_stationary_1-22882-A-44_SNR_5dB_0596.wav,,
597,common_voice_en_27709077.wav,1-50455-A-44.wav,stationary,20,16000,1,common_voice_en_27709077_stationary_1-50455-A-44_SNR_20dB_0597.wav,,
598,common_voice_en_19262159.wav,1-50454-A-44.wav,stationary,-5,16000,1,common_voice_en_19262159_stationary_1-50454-A-44_SNR_-5dB_0598.wav,,
599,common_voice_en_20260795.wav,1-115545-B-48.wav,impulsive,20,16000,1,common_voice_en_20260795_impulsive_1-115545-B-48_SNR_20dB_0599.wav,1.198,0.235875
600,common_voice_en_21538044.wav,1-115546-A-48.wav,impulsive,10,16000,1,common_voice_en_21538044_impulsive_1-115546-A-48_SNR_10dB_0600.wav,2.2013125,0.2455625
601,common_voice_en_23707413.wav,helicopter.wav,non_stationary,20,16000,1,common_voice_en_23707413_non_stationary_helicopter_SNR_20dB_0601.wav,,
602,common_voice_en_19227420.wav,helicopter.wav,non_stationary,20,16000,1,common_voice_en_19227420_non_stationary_helicopter_SNR_20dB_0602.wav,,
603,common_voice_en_22779358.wav,helicopter.wav,non_stationary,5,16000,1,common_voice_en_22779358_non_stationary_helicopter_SNR_5dB_0603.wav,,
604,common_voice_en_30619661.wav,1-18527-A-44.wav,stationary,20,16000,1,common_voice_en_30619661_stationary_1-18527-A-44_SNR_20dB_0604.wav,,
605,common_voice_en_25113640.wav,helicopter.wav,non_stationary,-5,16000,1,common_voice_en_25113640_non_stationary_helicopter_SNR_-5dB_0605.wav,,
606,common_voice_en_23612304.wav,1-50454-A-44.wav,stationary,0,16000,1,common_voice_en_23612304_stationary_1-50454-A-44_SNR_0dB_0606.wav,,
607,common_voice_en_20260792.wav,1-22882-A-44.wav,stationary,5,16000,1,common_voice_en_20260792_stationary_1-22882-A-44_SNR_5dB_0607.wav,,
608,common_voice_en_27703525.wav,helicopter.wav,non_stationary,5,16000,1,common_voice_en_27703525_non_stationary_helicopter_SNR_5dB_0608.wav,,
609,common_voice_en_18725365.wav,1-50454-A-44.wav,stationary,-5,16000,1,common_voice_en_18725365_stationary_1-50454-A-44_SNR_-5dB_0609.wav,,
610,common_voice_en_19451234.wav,1-115545-B-48.wav,impulsive,10,16000,1,common_voice_en_19451234_impulsive_1-115545-B-48_SNR_10dB_0610.wav,3.5045,0.5674375
611,common_voice_en_19767846.wav,1-115545-B-48.wav,impulsive,20,16000,1,common_voice_en_19767846_impulsive_1-115545-B-48_SNR_20dB_0611.wav,2.24475,0.4090625
612,common_voice_en_19227420.wav,helicopter.wav,non_stationary,-5,16000,1,common_voice_en_19227420_non_stationary_helicopter_SNR_-5dB_0612.wav,,
613,common_voice_en_22779359.wav,helicopter.wav,non_stationary,-5,16000,1,common_voice_en_22779359_non_stationary_helicopter_SNR_-5dB_0613.wav,,
614,common_voice_en_23612304.wav,helicopter.wav,non_stationary,10,16000,1,common_voice_en_23612304_non_stationary_helicopter_SNR_10dB_0614.wav,,
615,common_voice_en_19227420.wav,1-115545-A-48.wav,impulsive,0,16000,1,common_voice_en_19227420_impulsive_1-115545-A-48_SNR_0dB_0615.wav,1.0870625,0.58825
616,common_voice_en_31171727.wav,1-50454-A-44.wav,stationary,-5,16000,1,common_voice_en_31171727_stationary_1-50454-A-44_SNR_-5dB_0616.wav,,
617,common_voice_en_21663202.wav,1-115546-A-48.wav,impulsive,20,16000,1,common_voice_en_21663202_impulsive_1-115546-A-48_SNR_20dB_0617.wav,0.5801875,0.2353125
618,common_voice_en_19951091.wav,helicopter.wav,non_stationary,-5,16000,1,common_voice_en_19951091_non_stationary_helicopter_SNR_-5dB_0618.wav,,
619,common_voice_en_22779358.wav,1-115545-B-48.wav,impulsive,10,16000,1,common_voice_en_22779358_impulsive_1-115545-B-48_SNR_10dB_0619.wav,0.560375,0.2363125
620,common_voice_en_27004523.wav,helicopter.wav,non_stationary,10,16000,1,common_voice_en_27004523_non_stationary_helicopter_SNR_10dB_0620.wav,,
621,common_voice_en_21817013.wav,1-115545-B-48.wav,impulsive,10,16000,1,common_voice_en_21817013_impulsive_1-115545-B-48_SNR_10dB_0621.wav,1.779625,0.7308125
622,common_voice_en_19227418.wav,1-115545-B-48.wav,impulsive,-5,16000,1,common_voice_en_19227418_impulsive_1-115545-B-48_SNR_-5dB_0622.wav,2.87975,0.7036875
623,common_voice_en_23731525.wav,1-18527-B-44.wav,stationary,0,16000,1,common_voice_en_23731525_stationary_1-18527-B-44_SNR_0dB_0623.wav,,
624,common_voice_en_20260795.wav,helicopter.wav,non_stationary,15,16000,1,common_voice_en_20260795_non_stationary_helicopter_SNR_15dB_0624.wav,,
625,common_voice_en_31191668.wav,1-115545-C-48.wav,impulsive,20,16000,1,common_voice_en_31191668_impulsive_1-115545-C-48_SNR_20dB_0625.wav,1.683,0.1274375
626,common_voice_en_27004519.wav,helicopter.wav,non_stationary,20,16000,1,common_voice_en_27004519_non_stationary_helicopter_SNR_20dB_0626.wav,,
627,common_voice_en_23612263.wav,1-18527-A-44.wav,stationary,0,16000,1,common_voice_en_23612263_stationary_1-18527-A-44_SNR_0dB_0627.wav,,
628,common_voice_en_25695673.wav,helicopter.wav,non_stationary,10,16000,1,common_voice_en_25695673_non_stationary_helicopter_SNR_10dB_0628.wav,,
629,common_voice_en_31191627.wav,1-18527-A-44.wav,stationary,5,16000,1,common_voice_en_31191627_stationary_1-18527-A-44_SNR_5dB_0629.wav,,
630,common_voice_en_21538043.wav,1-50455-A-44.wav,stationary,10,16000,1,common_voice_en_21538043_stationary_1-50455-A-44_SNR_10dB_0630.wav,,
631,common_voice_en_22779356.wav,helicopter.wav,non_stationary,10,16000,1,common_voice_en_22779356_non_stationary_helicopter_SNR_10dB_0631.wav,,
632,common_voice_en_18843978.wav,1-18527-A-44.wav,stationary,-5,16000,1,common_voice_en_18843978_stationary_1-18527-A-44_SNR_-5dB_0632.wav,,
633,common_voice_en_20242990.wav,1-18527-A-44.wav,stationary,10,16000,1,common_voice_en_20242990_stationary_1-18527-A-44_SNR_10dB_0633.wav,,
634,common_voice_en_26724561.wav,1-50455-A-44.wav,stationary,10,16000,1,common_voice_en_26724561_stationary_1-50455-A-44_SNR_10dB_0634.wav,,
635,common_voice_en_23612306.wav,1-50455-A-44.wav,stationary,15,16000,1,common_voice_en_23612306_stationary_1-50455-A-44_SNR_15dB_0635.wav,,
636,common_voice_en_580647.wav,1-18527-A-44.wav,stationary,5,16000,1,common_voice_en_580647_stationary_1-18527-A-44_SNR_5dB_0636.wav,,
637,common_voice_en_19227416.wav,helicopter.wav,non_stationary,0,16000,1,common_voice_en_19227416_non_stationary_helicopter_SNR_0dB_0637.wav,,
638,common_voice_en_27688637.wav,1-50455-A-44.wav,stationary,20,16000,1,common_voice_en_27688637_stationary_1-50455-A-44_SNR_20dB_0638.wav,,
639,common_voice_en_18843976.wav,1-50454-A-44.wav,stationary,20,16000,1,common_voice_en_18843976_stationary_1-50454-A-44_SNR_20dB_0639.wav,,
640,common_voice_en_19952220.wav,1-18527-A-44.wav,stationary,10,16000,1,common_voice_en_19952220_stationary_1-18527-A-44_SNR_10dB_0640.wav,,
641,common_voice_en_19451232.wav,helicopter.wav,non_stationary,5,16000,1,common_voice_en_19451232_non_stationary_helicopter_SNR_5dB_0641.wav,,
642,common_voice_en_19451233.wav,1-18527-B-44.wav,stationary,20,16000,1,common_voice_en_19451233_stationary_1-18527-B-44_SNR_20dB_0642.wav,,
643,common_voice_en_18522887.wav,1-22882-A-44.wav,stationary,15,16000,1,common_voice_en_18522887_stationary_1-22882-A-44_SNR_15dB_0643.wav,,
644,common_voice_en_20242988.wav,1-18527-B-44.wav,stationary,20,16000,1,common_voice_en_20242988_stationary_1-18527-B-44_SNR_20dB_0644.wav,,
645,common_voice_en_20260792.wav,1-115545-A-48.wav,impulsive,-5,16000,1,common_voice_en_20260792_impulsive_1-115545-A-48_SNR_-5dB_0645.wav,2.2280625,0.443
646,common_voice_en_27004522.wav,1-50455-A-44.wav,stationary,20,16000,1,common_voice_en_27004522_stationary_1-50455-A-44_SNR_20dB_0646.wav,,
647,common_voice_en_18843979.wav,helicopter.wav,non_stationary,-5,16000,1,common_voice_en_18843979_non_stationary_helicopter_SNR_-5dB_0647.wav,,
648,common_voice_en_27709076.wav,1-18527-B-44.wav,stationary,5,16000,1,common_voice_en_27709076_stationary_1-18527-B-44_SNR_5dB_0648.wav,,
649,common_voice_en_19262162.wav,1-115545-A-48.wav,impulsive,0,16000,1,common_voice_en_19262162_impulsive_1-115545-A-48_SNR_0dB_0649.wav,0.36075,0.621
650,common_voice_en_18522889.wav,1-50454-A-44.wav,stationary,5,16000,1,common_voice_en_18522889_stationary_1-50454-A-44_SNR_5dB_0650.wav,,
651,common_voice_en_19705426.wav,1-18527-A-44.wav,stationary,15,16000,1,common_voice_en_19705426_stationary_1-18527-A-44_SNR_15dB_0651.wav,,
652,common_voice_en_23707414.wav,1-18527-B-44.wav,stationary,10,16000,1,common_voice_en_23707414_stationary_1-18527-B-44_SNR_10dB_0652.wav,,
653,common_voice_en_21538043.wav,1-18527-A-44.wav,stationary,15,16000,1,common_voice_en_21538043_stationary_1-18527-A-44_SNR_15dB_0653.wav,,
654,common_voice_en_22779359.wav,1-18527-A-44.wav,stationary,0,16000,1,common_voice_en_22779359_stationary_1-18527-A-44_SNR_0dB_0654.wav,,
655,common_voice_en_19951090.wav,1-115545-A-48.wav,impulsive,10,16000,1,common_voice_en_19951090_impulsive_1-115545-A-48_SNR_10dB_0655.wav,7.0945,0.1705625
656,common_voice_en_21101337.wav,1-115545-C-48.wav,impulsive,5,16000,1,common_voice_en_21101337_impulsive_1-115545-C-48_SNR_5dB_0656.wav,3.741625,0.1884375
657,common_voice_en_18522887.wav,helicopter.wav,non_stationary,15,16000,1,common_voice_en_18522887_non_stationary_helicopter_SNR_15dB_0657.wav,,
658,common_voice_en_21369213.wav,1-115545-B-48.wav,impulsive,10,16000,1,common_voice_en_21369213_impulsive_1-115545-B-48_SNR_10dB_0658.wav,1.600875,0.4770625
659,common_voice_en_27688640.wav,1-115545-B-48.wav,impulsive,0,16000,1,common_voice_en_27688640_impulsive_1-115545-B-48_SNR_0dB_0659.wav,0.1958125,0.1065
660,common_voice_en_19951092.wav,helicopter.wav,non_stationary,5,16000,1,common_voice_en_19951092_non_stationary_helicopter_SNR_5dB_0660.wav,,
661,common_voice_en_18522885.wav,1-115546-A-48.wav,impulsive,20,16000,1,common_voice_en_18522885_impulsive_1-115546-A-48_SNR_20dB_0661.wav,1.6809375,0.414875
662,common_voice_en_27004523.wav,1-115546-A-48.wav,impulsive,10,16000,1,common_voice_en_27004523_impulsive_1-115546-A-48_SNR_10dB_0662.wav,2.2923125,0.1613125
663,common_voice_en_19227420.wav,1-18527-B-44.wav,stationary,15,16000,1,common_voice_en_19227420_stationary_1-18527-B-44_SNR_15dB_0663.wav,,
664,common_voice_en_23707411.wav,1-115545-C-48.wav,impulsive,10,16000,1,common_voice_en_23707411_impulsive_1-115545-C-48_SNR_10dB_0664.wav,0.7829375,0.1869375
665,common_voice_en_26724561.wav,1-50454-A-44.wav,stationary,-5,16000,1,common_voice_en_26724561_stationary_1-50454-A-44_SNR_-5dB_0665.wav,,
666,common_voice_en_23731527.wav,helicopter.wav,non_stationary,0,16000,1,common_voice_en_23731527_non_stationary_helicopter_SNR_0dB_0666.wav,,
667,common_voice_en_21101340.wav,1-22882-A-44.wav,stationary,10,16000,1,common_voice_en_21101340_stationary_1-22882-A-44_SNR_10dB_0667.wav,,
668,common_voice_en_21538045.wav,1-22882-A-44.wav,stationary,0,16000,1,common_voice_en_21538045_stationary_1-22882-A-44_SNR_0dB_0668.wav,,
669,common_voice_en_18843979.wav,1-115545-B-48.wav,impulsive,15,16000,1,common_voice_en_18843979_impulsive_1-115545-B-48_SNR_15dB_0669.wav,0.43275,0.2115625
670,common_voice_en_19726069.wav,helicopter.wav,non_stationary,10,16000,1,common_voice_en_19726069_non_stationary_helicopter_SNR_10dB_0670.wav,,
671,common_voice_en_19451233.wav,helicopter.wav,non_stationary,10,16000,1,common_voice_en_19451233_non_stationary_helicopter_SNR_10dB_0671.wav,,
672,common_voice_en_21369214.wav,helicopter.wav,non_stationary,-5,16000,1,common_voice_en_21369214_non_stationary_helicopter_SNR_-5dB_0672.wav,,
673,common_voice_en_21369213.wav,1-160563-A-48.wav,impulsive,-5,16000,1,common_voice_en_21369213_impulsive_1-160563-A-48_SNR_-5dB_0673.wav,1.2150625,0.320125
674,common_voice_en_19227420.wav,1-115545-C-48.wav,impulsive,10,16000,1,common_voice_en_19227420_impulsive_1-115545-C-48_SNR_10dB_0674.wav,2.4480625,0.62575
675,common_voice_en_20242988.wav,1-115545-B-48.wav,impulsive,-5,16000,1,common_voice_en_20242988_impulsive_1-115545-B-48_SNR_-5dB_0675.wav,4.5543125,0.5140625
676,common_voice_en_27703525.wav,1-50454-A-44.wav,stationary,-5,16000,1,common_voice_en_27703525_stationary_1-50454-A-44_SNR_-5dB_0676.wav,,
677,common_voice_en_19657026.wav,1-18527-A-44.wav,stationary,0,16000,1,common_voice_en_19657026_stationary_1-18527-A-44_SNR_0dB_0677.wav,,
678,common_voice_en_19657019.wav,1-50454-A-44.wav,stationary,5,16000,1,common_voice_en_19657019_stationary_1-50454-A-44_SNR_5dB_0678.wav,,
679,common_voice_en_19227417.wav,helicopter.wav,non_stationary,-5,16000,1,common_voice_en_19227417_non_stationary_helicopter_SNR_-5dB_0679.wav,,
680,common_voice_en_18561929.wav,1-115545-B-48.wav,impulsive,20,16000,1,common_voice_en_18561929_impulsive_1-115545-B-48_SNR_20dB_0680.wav,0.3766875,0.5540625
681,common_voice_en_21663172.wav,1-50454-A-44.wav,stationary,-5,16000,1,common_voice_en_21663172_stationary_1-50454-A-44_SNR_-5dB_0681.wav,,
682,common_voice_en_27709077.wav,helicopter.wav,non_stationary,10,16000,1,common_voice_en_27709077_non_stationary_helicopter_SNR_10dB_0682.wav,,
683,common_voice_en_18561931.wav,helicopter.wav,non_stationary,0,16000,1,common_voice_en_18561931_non_stationary_helicopter_SNR_0dB_0683.wav,,
684,common_voice_en_19854923.wav,1-115545-C-48.wav,impulsive,5,16000,1,common_voice_en_19854923_impulsive_1-115545-C-48_SNR_5dB_0684.wav,0.2838125,0.5566875
685,common_voice_en_580647.wav,helicopter.wav,non_stationary,20,16000,1,common_voice_en_580647_non_stationary_helicopter_SNR_20dB_0685.wav,,
686,common_voice_en_21101342.wav,helicopter.wav,non_stationary,-5,16000,1,common_voice_en_21101342_non_stationary_helicopter_SNR_-5dB_0686.wav,,
687,common_voice_en_20260796.wav,helicopter.wav,non_stationary,0,16000,1,common_voice_en_20260796_non_stationary_helicopter_SNR_0dB_0687.wav,,
688,common_voice_en_27004522.wav,1-50455-A-44.wav,stationary,-5,16000,1,common_voice_en_27004522_stationary_1-50455-A-44_SNR_-5dB_0688.wav,,
689,common_voice_en_22939425.wav,1-115545-C-48.wav,impulsive,10,16000,1,common_voice_en_22939425_impulsive_1-115545-C-48_SNR_10dB_0689.wav,2.8183125,0.6575625
690,common_voice_en_27709075.wav,helicopter.wav,non_stationary,5,16000,1,common_voice_en_27709075_non_stationary_helicopter_SNR_5dB_0690.wav,,
691,common_voice_en_19726722.wav,1-50455-A-44.wav,stationary,0,16000,1,common_voice_en_19726722_stationary_1-50455-A-44_SNR_0dB_0691.wav,,
692,common_voice_en_18561931.wav,1-115545-C-48.wav,impulsive,-5,16000,1,common_voice_en_18561931_impulsive_1-115545-C-48_SNR_-5dB_0692.wav,1.464,0.583
693,common_voice_en_30619674.wav,1-115545-B-48.wav,impulsive,-5,16000,1,common_voice_en_30619674_impulsive_1-115545-B-48_SNR_-5dB_0693.wav,2.183375,0.35375
694,common_voice_en_27688636.wav,1-115545-A-48.wav,impulsive,0,16000,1,common_voice_en_27688636_impulsive_1-115545-A-48_SNR_0dB_0694.wav,2.9065,0.6895
695,common_voice_en_19726720.wav,1-50455-A-44.wav,stationary,5,16000,1,common_voice_en_19726720_stationary_1-50455-A-44_SNR_5dB_0695.wav,,
696,common_voice_en_21817015.wav,1-115545-A-48.wav,impulsive,20,16000,1,common_voice_en_21817015_impulsive_1-115545-A-48_SNR_20dB_0696.wav,4.6129375,0.4600625
697,common_voice_en_19767817.wav,1-115546-A-48.wav,impulsive,15,16000,1,common_voice_en_19767817_impulsive_1-115546-A-48_SNR_15dB_0697.wav,4.017625,0.4164375
698,common_voice_en_18681419.wav,1-18527-B-44.wav,stationary,15,16000,1,common_voice_en_18681419_stationary_1-18527-B-44_SNR_15dB_0698.wav,,
699,common_voice_en_19951089.wav,1-50454-A-44.wav,stationary,-5,16000,1,common_voice_en_19951089_stationary_1-50454-A-44_SNR_-5dB_0699.wav,,
700,common_voice_en_21663172.wav,1-115545-B-48.wav,impulsive,0,16000,1,common_voice_en_21663172_impulsive_1-115545-B-48_SNR_0dB_0700.wav,2.6508125,0.448875
701,common_voice_en_18725368.wav,1-50455-A-44.wav,stationary,20,16000,1,common_voice_en_18725368_stationary_1-50455-A-44_SNR_20dB_0701.wav,,
702,common_voice_en_19705423.wav,1-160563-A-48.wav,impulsive,5,16000,1,common_voice_en_19705423_impulsive_1-160563-A-48_SNR_5dB_0702.wav,3.2406875,0.17425
703,common_voice_en_30619683.wav,1-22882-A-44.wav,stationary,5,16000,1,common_voice_en_30619683_stationary_1-22882-A-44_SNR_5dB_0703.wav,,
704,common_voice_en_19726067.wav,1-115546-A-48.wav,impulsive,20,16000,1,common_voice_en_19726067_impulsive_1-115546-A-48_SNR_20dB_0704.wav,1.4270625,0.598875
705,common_voice_en_27703529.wav,helicopter.wav,non_stationary,0,16000,1,common_voice_en_27703529_non_stationary_helicopter_SNR_0dB_0705.wav,,
706,common_voice_en_30619683.wav,1-115546-A-48.wav,impulsive,5,16000,1,common_voice_en_30619683_impulsive_1-115546-A-48_SNR_5dB_0706.wav,0.727875,0.4015625
707,common_voice_en_18522885.wav,1-160563-A-48.wav,impulsive,10,16000,1,common_voice_en_18522885_impulsive_1-160563-A-48_SNR_10dB_0707.wav,1.4915625,0.6810625
708,common_voice_en_31191669.wav,1-50455-A-44.wav,stationary,0,16000,1,common_voice_en_31191669_stationary_1-50455-A-44_SNR_0dB_0708.wav,,
709,common_voice_en_27709075.wav,1-50454-A-44.wav,stationary,0,16000,1,common_voice_en_27709075_stationary_1-50454-A-44_SNR_0dB_0709.wav,,
710,common_voice_en_21663172.wav,1-115545-B-48.wav,impulsive,5,16000,1,common_voice_en_21663172_impulsive_1-115545-B-48_SNR_5dB_0710.wav,0.7268125,0.427125
711,common_voice_en_21663181.wav,helicopter.wav,non_stationary,0,16000,1,common_voice_en_21663181_non_stationary_helicopter_SNR_0dB_0711.wav,,
712,common_voice_en_19952223.wav,helicopter.wav,non_stationary,5,16000,1,common_voice_en_19952223_non_stationary_helicopter_SNR_5dB_0712.wav,,
713,common_voice_en_19262163.wav,1-115545-A-48.wav,impulsive,10,16000,1,common_voice_en_19262163_impulsive_1-115545-A-48_SNR_10dB_0713.wav,2.72525,0.5486875
714,common_voice_en_23707411.wav,helicopter.wav,non_stationary,5,16000,1,common_voice_en_23707411_non_stationary_helicopter_SNR_5dB_0714.wav,,
715,common_voice_en_27688640.wav,helicopter.wav,non_stationary,15,16000,1,common_voice_en_27688640_non_stationary_helicopter_SNR_15dB_0715.wav,,
716,common_voice_en_19951090.wav,1-18527-A-44.wav,stationary,-5,16000,1,common_voice_en_19951090_stationary_1-18527-A-44_SNR_-5dB_0716.wav,,
717,common_voice_en_21101342.wav,1-22882-A-44.wav,stationary,-5,16000,1,common_voice_en_21101342_stationary_1-22882-A-44_SNR_-5dB_0717.wav,,
718,common_voice_en_21663202.wav,1-50454-A-44.wav,stationary,0,16000,1,common_voice_en_21663202_stationary_1-50454-A-44_SNR_0dB_0718.wav,,
719,common_voice_en_27703525.wav,1-115545-A-48.wav,impulsive,5,16000,1,common_voice_en_27703525_impulsive_1-115545-A-48_SNR_5dB_0719.wav,0.253875,0.70825
720,common_voice_en_23731526.wav,1-115545-B-48.wav,impulsive,15,16000,1,common_voice_en_23731526_impulsive_1-115545-B-48_SNR_15dB_0720.wav,0.4386875,0.5445625
721,common_voice_en_19262161.wav,1-18527-B-44.wav,stationary,10,16000,1,common_voice_en_19262161_stationary_1-18527-B-44_SNR_10dB_0721.wav,,
722,common_voice_en_27703526.wav,1-160563-A-48.wav,impulsive,5,16000,1,common_voice_en_27703526_impulsive_1-160563-A-48_SNR_5dB_0722.wav,2.43625,0.7764375
723,common_voice_en_19952219.wav,1-50454-A-44.wav,stationary,15,16000,1,common_voice_en_19952219_stationary_1-50454-A-44_SNR_15dB_0723.wav,,
724,common_voice_en_27703525.wav,1-115545-B-48.wav,impulsive,-5,16000,1,common_voice_en_27703525_impulsive_1-115545-B-48_SNR_-5dB_0724.wav,3.5029375,0.4694375
725,common_voice_en_19227418.wav,1-50455-A-44.wav,stationary,10,16000,1,common_voice_en_19227418_stationary_1-50455-A-44_SNR_10dB_0725.wav,,
726,common_voice_en_19767846.wav,1-18527-B-44.wav,stationary,0,16000,1,common_voice_en_19767846_stationary_1-18527-B-44_SNR_0dB_0726.wav,,
727,common_voice_en_21101340.wav,1-115546-A-48.wav,impulsive,-5,16000,1,common_voice_en_21101340_impulsive_1-115546-A-48_SNR_-5dB_0727.wav,3.8579375,0.41575
728,common_voice_en_25695670.wav,1-115545-C-48.wav,impulsive,-5,16000,1,common_voice_en_25695670_impulsive_1-115545-C-48_SNR_-5dB_0728.wav,0.75725,0.75725
729,common_voice_en_22779358.wav,1-115545-C-48.wav,impulsive,0,16000,1,common_voice_en_22779358_impulsive_1-115545-C-48_SNR_0dB_0729.wav,2.156875,0.5564375
730,common_voice_en_24033981.wav,helicopter.wav,non_stationary,5,16000,1,common_voice_en_24033981_non_stationary_helicopter_SNR_5dB_0730.wav,,
731,common_voice_en_27709075.wav,1-18527-A-44.wav,stationary,-5,16000,1,common_voice_en_27709075_stationary_1-18527-A-44_SNR_-5dB_0731.wav,,
732,common_voice_en_21817011.wav,1-115546-A-48.wav,impulsive,15,16000,1,common_voice_en_21817011_impulsive_1-115546-A-48_SNR_15dB_0732.wav,0.4995625,0.3329375
733,common_voice_en_22939428.wav,1-115546-A-48.wav,impulsive,15,16000,1,common_voice_en_22939428_impulsive_1-115546-A-48_SNR_15dB_0733.wav,3.9015,0.5861875
734,common_voice_en_21369211.wav,1-18527-A-44.wav,stationary,15,16000,1,common_voice_en_21369211_stationary_1-18527-A-44_SNR_15dB_0734.wav,,
735,common_voice_en_27709077.wav,1-160563-A-48.wav,impulsive,20,16000,1,common_voice_en_27709077_impulsive_1-160563-A-48_SNR_20dB_0735.wav,0.9853125,0.735125
736,common_voice_en_24033983.wav,1-18527-B-44.wav,stationary,0,16000,1,common_voice_en_24033983_stationary_1-18527-B-44_SNR_0dB_0736.wav,,
737,common_voice_en_19767818.wav,1-50454-A-44.wav,stationary,-5,16000,1,common_voice_en_19767818_stationary_1-50454-A-44_SNR_-5dB_0737.wav,,
738,common_voice_en_23731527.wav,1-18527-B-44.wav,stationary,15,16000,1,common_voice_en_23731527_stationary_1-18527-B-44_SNR_15dB_0738.wav,,
739,common_voice_en_20242988.wav,1-18527-A-44.wav,stationary,-5,16000,1,common_voice_en_20242988_stationary_1-18527-A-44_SNR_-5dB_0739.wav,,
740,common_voice_en_22939428.wav,helicopter.wav,non_stationary,5,16000,1,common_voice_en_22939428_non_stationary_helicopter_SNR_5dB_0740.wav,,
741,common_voice_en_27004521.wav,helicopter.wav,non_stationary,20,16000,1,common_voice_en_27004521_non_stationary_helicopter_SNR_20dB_0741.wav,,
742,common_voice_en_580651.wav,helicopter.wav,non_stationary,-5,16000,1,common_voice_en_580651_non_stationary_helicopter_SNR_-5dB_0742.wav,,
743,common_voice_en_23707413.wav,1-50455-A-44.wav,stationary,15,16000,1,common_voice_en_23707413_stationary_1-50455-A-44_SNR_15dB_0743.wav,,
744,common_voice_en_30619674.wav,1-115545-A-48.wav,impulsive,-5,16000,1,common_voice_en_30619674_impulsive_1-115545-A-48_SNR_-5dB_0744.wav,2.343625,0.6761875
745,common_voice_en_27688637.wav,1-115546-A-48.wav,impulsive,5,16000,1,common_voice_en_27688637_impulsive_1-115546-A-48_SNR_5dB_0745.wav,4.686,0.4921875
746,common_voice_en_31191671.wav,helicopter.wav,non_stationary,5,16000,1,common_voice_en_31191671_non_stationary_helicopter_SNR_5dB_0746.wav,,
747,common_voice_en_19705423.wav,helicopter.wav,non_stationary,-5,16000,1,common_voice_en_19705423_non_stationary_helicopter_SNR_-5dB_0747.wav,,
748,common_voice_en_23612304.wav,1-115545-C-48.wav,impulsive,20,16000,1,common_voice_en_23612304_impulsive_1-115545-C-48_SNR_20dB_0748.wav,3.8929375,0.34325
749,common_voice_en_20260792.wav,1-115545-A-48.wav,impulsive,5,16000,1,common_voice_en_20260792_impulsive_1-115545-A-48_SNR_5dB_0749.wav,2.2965625,0.4103125
750,common_voice_en_25695670.wav,1-115545-A-48.wav,impulsive,0,16000,1,common_voice_en_25695670_impulsive_1-115545-A-48_SNR_0dB_0750.wav,3.04625,0.2375625
751,common_voice_en_24033982.wav,1-115545-C-48.wav,impulsive,5,16000,1,common_voice_en_24033982_impulsive_1-115545-C-48_SNR_5dB_0751.wav,1.5395625,0.52675
752,common_voice_en_24033982.wav,1-50454-A-44.wav,stationary,20,16000,1,common_voice_en_24033982_stationary_1-50454-A-44_SNR_20dB_0752.wav,,
753,common_voice_en_25695666.wav,1-115545-C-48.wav,impulsive,-5,16000,1,common_voice_en_25695666_impulsive_1-115545-C-48_SNR_-5dB_0753.wav,0.26875,0.627625
754,common_voice_en_21369215.wav,1-115546-A-48.wav,impulsive,0,16000,1,common_voice_en_21369215_impulsive_1-115546-A-48_SNR_0dB_0754.wav,1.42325,0.6368125
755,common_voice_en_19767818.wav,1-115545-B-48.wav,impulsive,-5,16000,1,common_voice_en_19767818_impulsive_1-115545-B-48_SNR_-5dB_0755.wav,3.7391875,0.3554375
756,common_voice_en_18725365.wav,1-115545-B-48.wav,impulsive,5,16000,1,common_voice_en_18725365_impulsive_1-115545-B-48_SNR_5dB_0756.wav,4.1379375,0.4771875
757,common_voice_en_23612304.wav,helicopter.wav,non_stationary,20,16000,1,common_voice_en_23612304_non_stationary_helicopter_SNR_20dB_0757.wav,,
758,common_voice_en_19952220.wav,helicopter.wav,non_stationary,0,16000,1,common_voice_en_19952220_non_stationary_helicopter_SNR_0dB_0758.wav,,
759,common_voice_en_25234746.wav,helicopter.wav,non_stationary,5,16000,1,common_voice_en_25234746_non_stationary_helicopter_SNR_5dB_0759.wav,,
760,common_voice_en_20242988.wav,1-115545-A-48.wav,impulsive,5,16000,1,common_voice_en_20242988_impulsive_1-115545-A-48_SNR_5dB_0760.wav,0.4066875,0.1280625
761,common_voice_en_19726068.wav,1-115545-B-48.wav,impulsive,0,16000,1,common_voice_en_19726068_impulsive_1-115545-B-48_SNR_0dB_0761.wav,5.551625,0.762875
762,common_voice_en_19854920.wav,1-50454-A-44.wav,stationary,15,16000,1,common_voice_en_19854920_stationary_1-50454-A-44_SNR_15dB_0762.wav,,
763,common_voice_en_18561929.wav,1-115545-A-48.wav,impulsive,10,16000,1,common_voice_en_18561929_impulsive_1-115545-A-48_SNR_10dB_0763.wav,2.46225,0.2354375
764,common_voice_en_18522887.wav,1-50455-A-44.wav,stationary,5,16000,1,common_voice_en_18522887_stationary_1-50455-A-44_SNR_5dB_0764.wav,,
765,common_voice_en_20260795.wav,helicopter.wav,non_stationary,5,16000,1,common_voice_en_20260795_non_stationary_helicopter_SNR_5dB_0765.wav,,
766,common_voice_en_20242986.wav,1-22882-A-44.wav,stationary,20,16000,1,common_voice_en_20242986_stationary_1-22882-A-44_SNR_20dB_0766.wav,,
767,common_voice_en_27004521.wav,1-115546-A-48.wav,impulsive,15,16000,1,common_voice_en_27004521_impulsive_1-115546-A-48_SNR_15dB_0767.wav,4.1903125,0.20475
768,common_voice_en_22779359.wav,helicopter.wav,non_stationary,5,16000,1,common_voice_en_22779359_non_stationary_helicopter_SNR_5dB_0768.wav,,
769,common_voice_en_19262163.wav,helicopter.wav,non_stationary,5,16000,1,common_voice_en_19262163_non_stationary_helicopter_SNR_5dB_0769.wav,,
770,common_voice_en_21538045.wav,1-115545-C-48.wav,impulsive,20,16000,1,common_voice_en_21538045_impulsive_1-115545-C-48_SNR_20dB_0770.wav,1.543,0.7670625
771,common_voice_en_19705426.wav,helicopter.wav,non_stationary,-5,16000,1,common_voice_en_19705426_non_stationary_helicopter_SNR_-5dB_0771.wav,,
772,common_voice_en_31191668.wav,helicopter.wav,non_stationary,20,16000,1,common_voice_en_31191668_non_stationary_helicopter_SNR_20dB_0772.wav,,
773,common_voice_en_19657026.wav,1-115546-A-48.wav,impulsive,5,16000,1,common_voice_en_19657026_impulsive_1-115546-A-48_SNR_5dB_0773.wav,3.3144375,0.365625
774,common_voice_en_22939428.wav,1-160563-A-48.wav,impulsive,20,16000,1,common_voice_en_22939428_impulsive_1-160563-A-48_SNR_20dB_0774.wav,2.8111875,0.68575
775,common_voice_en_19951089.wav,helicopter.wav,non_stationary,20,16000,1,common_voice_en_19951089_non_stationary_helicopter_SNR_20dB_0775.wav,,
776,common_voice_en_21817015.wav,helicopter.wav,non_stationary,20,16000,1,common_voice_en_21817015_non_stationary_helicopter_SNR_20dB_0776.wav,,
777,common_voice_en_27703528.wav,1-18527-A-44.wav,stationary,10,16000,1,common_voice_en_27703528_stationary_1-18527-A-44_SNR_10dB_0777.wav,,
778,common_voice_en_20242988.wav,1-160563-A-48.wav,impulsive,0,16000,1,common_voice_en_20242988_impulsive_1-160563-A-48_SNR_0dB_0778.wav,0.7315,0.796
779,common_voice_en_19951089.wav,helicopter.wav,non_stationary,10,16000,1,common_voice_en_19951089_non_stationary_helicopter_SNR_10dB_0779.wav,,
780,common_voice_en_21663172.wav,helicopter.wav,non_stationary,10,16000,1,common_voice_en_21663172_non_stationary_helicopter_SNR_10dB_0780.wav,,
781,common_voice_en_25234745.wav,1-50455-A-44.wav,stationary,15,16000,1,common_voice_en_25234745_stationary_1-50455-A-44_SNR_15dB_0781.wav,,
782,common_voice_en_580650.wav,1-18527-B-44.wav,stationary,15,16000,1,common_voice_en_580650_stationary_1-18527-B-44_SNR_15dB_0782.wav,,
783,common_voice_en_19451233.wav,1-115546-A-48.wav,impulsive,15,16000,1,common_voice_en_19451233_impulsive_1-115546-A-48_SNR_15dB_0783.wav,0.442875,0.4055
784,common_voice_en_19705426.wav,1-18527-B-44.wav,stationary,5,16000,1,common_voice_en_19705426_stationary_1-18527-B-44_SNR_5dB_0784.wav,,
785,common_voice_en_23707410.wav,1-115546-A-48.wav,impulsive,0,16000,1,common_voice_en_23707410_impulsive_1-115546-A-48_SNR_0dB_0785.wav,6.3810625,0.4239375
786,common_voice_en_19227416.wav,helicopter.wav,non_stationary,5,16000,1,common_voice_en_19227416_non_stationary_helicopter_SNR_5dB_0786.wav,,
787,common_voice_en_18725367.wav,1-22882-A-44.wav,stationary,0,16000,1,common_voice_en_18725367_stationary_1-22882-A-44_SNR_0dB_0787.wav,,
788,common_voice_en_19726070.wav,helicopter.wav,non_stationary,10,16000,1,common_voice_en_19726070_non_stationary_helicopter_SNR_10dB_0788.wav,,
789,common_voice_en_19227418.wav,1-50454-A-44.wav,stationary,20,16000,1,common_voice_en_19227418_stationary_1-50454-A-44_SNR_20dB_0789.wav,,
790,common_voice_en_23731525.wav,helicopter.wav,non_stationary,10,16000,1,common_voice_en_23731525_non_stationary_helicopter_SNR_10dB_0790.wav,,
791,common_voice_en_18522886.wav,1-18527-B-44.wav,stationary,20,16000,1,common_voice_en_18522886_stationary_1-18527-B-44_SNR_20dB_0791.wav,,
792,common_voice_en_18522889.wav,1-160563-A-48.wav,impulsive,0,16000,1,common_voice_en_18522889_impulsive_1-160563-A-48_SNR_0dB_0792.wav,2.566875,0.1183125
793,common_voice_en_19952223.wav,1-22882-A-44.wav,stationary,5,16000,1,common_voice_en_19952223_stationary_1-22882-A-44_SNR_5dB_0793.wav,,
794,common_voice_en_19657019.wav,1-50455-A-44.wav,stationary,15,16000,1,common_voice_en_19657019_stationary_1-50455-A-44_SNR_15dB_0794.wav,,
795,common_voice_en_21369214.wav,1-18527-A-44.wav,stationary,5,16000,1,common_voice_en_21369214_stationary_1-18527-A-44_SNR_5dB_0795.wav,,
796,common_voice_en_25113639.wav,1-160563-A-48.wav,impulsive,15,16000,1,common_voice_en_25113639_impulsive_1-160563-A-48_SNR_15dB_0796.wav,1.096,0.4459375
797,common_voice_en_21663202.wav,1-115546-A-48.wav,impulsive,5,16000,1,common_voice_en_21663202_impulsive_1-115546-A-48_SNR_5dB_0797.wav,3.3045625,0.2929375
798,common_voice_en_18561928.wav,1-18527-B-44.wav,stationary,0,16000,1,common_voice_en_18561928_stationary_1-18527-B-44_SNR_0dB_0798.wav,,
799,common_voice_en_18561929.wav,helicopter.wav,non_stationary,-5,16000,1,common_voice_en_18561929_non_stationary_helicopter_SNR_-5dB_0799.wav,,
800,common_voice_en_18681419.wav,helicopter.wav,non_stationary,15,16000,1,common_voice_en_18681419_non_stationary_helicopter_SNR_15dB_0800.wav,,
801,common_voice_en_580651.wav,1-18527-A-44.wav,stationary,20,16000,1,common_voice_en_580651_stationary_1-18527-A-44_SNR_20dB_0801.wav,,
802,common_voice_en_19262163.wav,helicopter.wav,non_stationary,-5,16000,1,common_voice_en_19262163_non_stationary_helicopter_SNR_-5dB_0802.wav,,
803,common_voice_en_19451232.wav,helicopter.wav,non_stationary,-5,16000,1,common_voice_en_19451232_non_stationary_helicopter_SNR_-5dB_0803.wav,,
804,common_voice_en_25234746.wav,1-115545-B-48.wav,impulsive,20,16000,1,common_voice_en_25234746_impulsive_1-115545-B-48_SNR_20dB_0804.wav,1.2333125,0.7454375
805,common_voice_en_23707414.wav,helicopter.wav,non_stationary,15,16000,1,common_voice_en_23707414_non_stationary_helicopter_SNR_15dB_0805.wav,,
806,common_voice_en_31191671.wav,1-115546-A-48.wav,impulsive,-5,16000,1,common_voice_en_31191671_impulsive_1-115546-A-48_SNR_-5dB_0806.wav,1.1579375,0.6238125
807,common_voice_en_19451232.wav,1-115546-A-48.wav,impulsive,0,16000,1,common_voice_en_19451232_impulsive_1-115546-A-48_SNR_0dB_0807.wav,3.1865,0.7235625
808,common_voice_en_20242990.wav,1-115545-B-48.wav,impulsive,5,16000,1,common_voice_en_20242990_impulsive_1-115545-B-48_SNR_5dB_0808.wav,2.6275,0.5195625
809,common_voice_en_18681422.wav,helicopter.wav,non_stationary,20,16000,1,common_voice_en_18681422_non_stationary_helicopter_SNR_20dB_0809.wav,,
810,common_voice_en_25234749.wav,1-18527-A-44.wav,stationary,-5,16000,1,common_voice_en_25234749_stationary_1-18527-A-44_SNR_-5dB_0810.wav,,
811,common_voice_en_19451218.wav,1-115546-A-48.wav,impulsive,0,16000,1,common_voice_en_19451218_impulsive_1-115546-A-48_SNR_0dB_0811.wav,1.2295625,0.1921875
812,common_voice_en_19262161.wav,1-115545-B-48.wav,impulsive,10,16000,1,common_voice_en_19262161_impulsive_1-115545-B-48_SNR_10dB_0812.wav,3.8033125,0.403125
813,common_voice_en_18725365.wav,1-18527-B-44.wav,stationary,-5,16000,1,common_voice_en_18725365_stationary_1-18527-B-44_SNR_-5dB_0813.wav,,
814,common_voice_en_21101340.wav,helicopter.wav,non_stationary,10,16000,1,common_voice_en_21101340_non_stationary_helicopter_SNR_10dB_0814.wav,,
815,common_voice_en_19451232.wav,1-18527-A-44.wav,stationary,-5,16000,1,common_voice_en_19451232_stationary_1-18527-A-44_SNR_-5dB_0815.wav,,
816,common_voice_en_19726070.wav,1-50454-A-44.wav,stationary,15,16000,1,common_voice_en_19726070_stationary_1-50454-A-44_SNR_15dB_0816.wav,,
817,common_voice_en_20260792.wav,1-115545-A-48.wav,impulsive,5,16000,1,common_voice_en_20260792_impulsive_1-115545-A-48_SNR_5dB_0817.wav,0.9325,0.4509375
818,common_voice_en_23612306.wav,helicopter.wav,non_stationary,5,16000,1,common_voice_en_23612306_non_stationary_helicopter_SNR_5dB_0818.wav,,
819,common_voice_en_22939427.wav,helicopter.wav,non_stationary,10,16000,1,common_voice_en_22939427_non_stationary_helicopter_SNR_10dB_0819.wav,,
820,common_voice_en_19726069.wav,1-18527-A-44.wav,stationary,0,16000,1,common_voice_en_19726069_stationary_1-18527-A-44_SNR_0dB_0820.wav,,
821,common_voice_en_19262162.wav,helicopter.wav,non_stationary,15,16000,1,common_voice_en_19262162_non_stationary_helicopter_SNR_15dB_0821.wav,,
822,common_voice_en_24033981.wav,1-50454-A-44.wav,stationary,5,16000,1,common_voice_en_24033981_stationary_1-50454-A-44_SNR_5dB_0822.wav,,
823,common_voice_en_580646.wav,1-18527-B-44.wav,stationary,10,16000,1,common_voice_en_580646_stationary_1-18527-B-44_SNR_10dB_0823.wav,,
824,common_voice_en_19451218.wav,1-115546-A-48.wav,impulsive,-5,16000,1,common_voice_en_19451218_impulsive_1-115546-A-48_SNR_-5dB_0824.wav,5.1484375,0.1648125
825,common_voice_en_18522889.wav,1-160563-A-48.wav,impulsive,20,16000,1,common_voice_en_18522889_impulsive_1-160563-A-48_SNR_20dB_0825.wav,1.385625,0.6904375
826,common_voice_en_27004519.wav,helicopter.wav,non_stationary,10,16000,1,common_voice_en_27004519_non_stationary_helicopter_SNR_10dB_0826.wav,,
827,common_voice_en_19952223.wav,helicopter.wav,non_stationary,0,16000,1,common_voice_en_19952223_non_stationary_helicopter_SNR_0dB_0827.wav,,
828,common_voice_en_27703528.wav,1-160563-A-48.wav,impulsive,-5,16000,1,common_voice_en_27703528_impulsive_1-160563-A-48_SNR_-5dB_0828.wav,2.07075,0.111875
829,common_voice_en_25234745.wav,1-115545-B-48.wav,impulsive,-5,16000,1,common_voice_en_25234745_impulsive_1-115545-B-48_SNR_-5dB_0829.wav,1.973375,0.6034375
830,common_voice_en_21663172.wav,1-115545-A-48.wav,impulsive,15,16000,1,common_voice_en_21663172_impulsive_1-115545-A-48_SNR_15dB_0830.wav,3.10175,0.328
831,common_voice_en_23612307.wav,1-115545-A-48.wav,impulsive,10,16000,1,common_voice_en_23612307_impulsive_1-115545-A-48_SNR_10dB_0831.wav,0.721,0.5548125
832,common_voice_en_25695677.wav,helicopter.wav,non_stationary,10,16000,1,common_voice_en_25695677_non_stationary_helicopter_SNR_10dB_0832.wav,,
833,common_voice_en_18561928.wav,1-50454-A-44.wav,stationary,-5,16000,1,common_voice_en_18561928_stationary_1-50454-A-44_SNR_-5dB_0833.wav,,
834,common_voice_en_27703525.wav,1-18527-A-44.wav,stationary,15,16000,1,common_voice_en_27703525_stationary_1-18527-A-44_SNR_15dB_0834.wav,,
835,common_voice_en_580650.wav,helicopter.wav,non_stationary,20,16000,1,common_voice_en_580650_non_stationary_helicopter_SNR_20dB_0835.wav,,
836,common_voice_en_25113639.wav,1-115545-C-48.wav,impulsive,-5,16000,1,common_voice_en_25113639_impulsive_1-115545-C-48_SNR_-5dB_0836.wav,2.7195,0.32825
837,common_voice_en_27703529.wav,1-160563-A-48.wav,impulsive,10,16000,1,common_voice_en_27703529_impulsive_1-160563-A-48_SNR_10dB_0837.wav,3.707125,0.7729375
838,common_voice_en_19451232.wav,1-18527-B-44.wav,stationary,-5,16000,1,common_voice_en_19451232_stationary_1-18527-B-44_SNR_-5dB_0838.wav,,
839,common_voice_en_21817014.wav,1-115545-C-48.wav,impulsive,15,16000,1,common_voice_en_21817014_impulsive_1-115545-C-48_SNR_15dB_0839.wav,1.7419375,0.6345
840,common_voice_en_18681425.wav,1-115546-A-48.wav,impulsive,0,16000,1,common_voice_en_18681425_impulsive_1-115546-A-48_SNR_0dB_0840.wav,2.083125,0.519
841,common_voice_en_580646.wav,1-18527-A-44.wav,stationary,10,16000,1,common_voice_en_580646_stationary_1-18527-A-44_SNR_10dB_0841.wav,,
842,common_voice_en_25113640.wav,1-115545-B-48.wav,impulsive,20,16000,1,common_voice_en_25113640_impulsive_1-115545-B-48_SNR_20dB_0842.wav,3.10125,0.446
843,common_voice_en_23707413.wav,1-50455-A-44.wav,stationary,-5,16000,1,common_voice_en_23707413_stationary_1-50455-A-44_SNR_-5dB_0843.wav,,
844,common_voice_en_24033984.wav,helicopter.wav,non_stationary,10,16000,1,common_voice_en_24033984_non_stationary_helicopter_SNR_10dB_0844.wav,,
845,common_voice_en_18522886.wav,helicopter.wav,non_stationary,15,16000,1,common_voice_en_18522886_non_stationary_helicopter_SNR_15dB_0845.wav,,
846,common_voice_en_30619674.wav,helicopter.wav,non_stationary,20,16000,1,common_voice_en_30619674_non_stationary_helicopter_SNR_20dB_0846.wav,,
847,common_voice_en_30619661.wav,1-18527-B-44.wav,stationary,-5,16000,1,common_voice_en_30619661_stationary_1-18527-B-44_SNR_-5dB_0847.wav,,
848,common_voice_en_22939428.wav,helicopter.wav,non_stationary,15,16000,1,common_voice_en_22939428_non_stationary_helicopter_SNR_15dB_0848.wav,,
849,common_voice_en_22939427.wav,helicopter.wav,non_stationary,5,16000,1,common_voice_en_22939427_non_stationary_helicopter_SNR_5dB_0849.wav,,
850,common_voice_en_23612304.wav,1-115545-C-48.wav,impulsive,10,16000,1,common_voice_en_23612304_impulsive_1-115545-C-48_SNR_10dB_0850.wav,3.3811875,0.2365625
851,common_voice_en_31191669.wav,1-160563-A-48.wav,impulsive,5,16000,1,common_voice_en_31191669_impulsive_1-160563-A-48_SNR_5dB_0851.wav,2.9158125,0.6609375
852,common_voice_en_27703526.wav,helicopter.wav,non_stationary,0,16000,1,common_voice_en_27703526_non_stationary_helicopter_SNR_0dB_0852.wav,,
853,common_voice_en_580651.wav,1-115545-C-48.wav,impulsive,20,16000,1,common_voice_en_580651_impulsive_1-115545-C-48_SNR_20dB_0853.wav,4.127875,0.2358125
854,common_voice_en_27688638.wav,helicopter.wav,non_stationary,20,16000,1,common_voice_en_27688638_non_stationary_helicopter_SNR_20dB_0854.wav,,
855,common_voice_en_19451232.wav,1-160563-A-48.wav,impulsive,10,16000,1,common_voice_en_19451232_impulsive_1-160563-A-48_SNR_10dB_0855.wav,2.7616875,0.69675
856,common_voice_en_27688636.wav,1-50454-A-44.wav,stationary,-5,16000,1,common_voice_en_27688636_stationary_1-50454-A-44_SNR_-5dB_0856.wav,,
857,common_voice_en_27004521.wav,1-50454-A-44.wav,stationary,0,16000,1,common_voice_en_27004521_stationary_1-50454-A-44_SNR_0dB_0857.wav,,
858,common_voice_en_18725366.wav,helicopter.wav,non_stationary,5,16000,1,common_voice_en_18725366_non_stationary_helicopter_SNR_5dB_0858.wav,,
859,common_voice_en_19726068.wav,1-115545-C-48.wav,impulsive,0,16000,1,common_voice_en_19726068_impulsive_1-115545-C-48_SNR_0dB_0859.wav,1.671125,0.1635
860,common_voice_en_27688638.wav,1-50454-A-44.wav,stationary,-5,16000,1,common_voice_en_27688638_stationary_1-50454-A-44_SNR_-5dB_0860.wav,,
861,common_voice_en_580647.wav,1-160563-A-48.wav,impulsive,0,16000,1,common_voice_en_580647_impulsive_1-160563-A-48_SNR_0dB_0861.wav,1.946375,0.762625
862,common_voice_en_26724562.wav,1-115545-C-48.wav,impulsive,20,16000,1,common_voice_en_26724562_impulsive_1-115545-C-48_SNR_20dB_0862.wav,3.125875,0.7804375
863,common_voice_en_22939428.wav,helicopter.wav,non_stationary,15,16000,1,common_voice_en_22939428_non_stationary_helicopter_SNR_15dB_0863.wav,,
864,common_voice_en_18725366.wav,1-22882-A-44.wav,stationary,0,16000,1,common_voice_en_18725366_stationary_1-22882-A-44_SNR_0dB_0864.wav,,
865,common_voice_en_580650.wav,1-115546-A-48.wav,impulsive,0,16000,1,common_voice_en_580650_impulsive_1-115546-A-48_SNR_0dB_0865.wav,4.4778125,0.7489375
866,common_voice_en_31191669.wav,1-18527-B-44.wav,stationary,5,16000,1,common_voice_en_31191669_stationary_1-18527-B-44_SNR_5dB_0866.wav,,
867,common_voice_en_19726721.wav,1-115545-A-48.wav,impulsive,0,16000,1,common_voice_en_19726721_impulsive_1-115545-A-48_SNR_0dB_0867.wav,0.9776875,0.2779375
868,common_voice_en_22939424.wav,1-22882-A-44.wav,stationary,15,16000,1,common_voice_en_22939424_stationary_1-22882-A-44_SNR_15dB_0868.wav,,
869,common_voice_en_20242990.wav,1-50455-A-44.wav,stationary,5,16000,1,common_voice_en_20242990_stationary_1-50455-A-44_SNR_5dB_0869.wav,,
870,common_voice_en_18522886.wav,1-18527-B-44.wav,stationary,-5,16000,1,common_voice_en_18522886_stationary_1-18527-B-44_SNR_-5dB_0870.wav,,
871,common_voice_en_21538044.wav,helicopter.wav,non_stationary,10,16000,1,common_voice_en_21538044_non_stationary_helicopter_SNR_10dB_0871.wav,,
872,common_voice_en_27709077.wav,helicopter.wav,non_stationary,20,16000,1,common_voice_en_27709077_non_stationary_helicopter_SNR_20dB_0872.wav,,
873,common_voice_en_21538043.wav,helicopter.wav,non_stationary,15,16000,1,common_voice_en_21538043_non_stationary_helicopter_SNR_15dB_0873.wav,,
874,common_voice_en_18843977.wav,1-115545-B-48.wav,impulsive,10,16000,1,common_voice_en_18843977_impulsive_1-115545-B-48_SNR_10dB_0874.wav,1.506375,0.6560625
875,common_voice_en_21817013.wav,1-18527-B-44.wav,stationary,20,16000,1,common_voice_en_21817013_stationary_1-18527-B-44_SNR_20dB_0875.wav,,
876,common_voice_en_21663172.wav,1-22882-A-44.wav,stationary,0,16000,1,common_voice_en_21663172_stationary_1-22882-A-44_SNR_0dB_0876.wav,,
877,common_voice_en_25234746.wav,1-115545-A-48.wav,impulsive,-5,16000,1,common_voice_en_25234746_impulsive_1-115545-A-48_SNR_-5dB_0877.wav,1.8254375,0.7849375
878,common_voice_en_19952220.wav,1-160563-A-48.wav,impulsive,15,16000,1,common_voice_en_19952220_impulsive_1-160563-A-48_SNR_15dB_0878.wav,5.5914375,0.349625
879,common_voice_en_21538044.wav,helicopter.wav,non_stationary,10,16000,1,common_voice_en_21538044_non_stationary_helicopter_SNR_10dB_0879.wav,,
880,common_voice_en_27688638.wav,1-115545-A-48.wav,impulsive,15,16000,1,common_voice_en_27688638_impulsive_1-115545-A-48_SNR_15dB_0880.wav,6.576625,0.4839375
881,common_voice_en_26724562.wav,helicopter.wav,non_stationary,5,16000,1,common_voice_en_26724562_non_stationary_helicopter_SNR_5dB_0881.wav,,
882,common_voice_en_19767818.wav,1-18527-A-44.wav,stationary,-5,16000,1,common_voice_en_19767818_stationary_1-18527-A-44_SNR_-5dB_0882.wav,,
883,common_voice_en_19726069.wav,1-160563-A-48.wav,impulsive,15,16000,1,common_voice_en_19726069_impulsive_1-160563-A-48_SNR_15dB_0883.wav,1.7266875,0.1075
884,common_voice_en_19854923.wav,1-115546-A-48.wav,impulsive,-5,16000,1,common_voice_en_19854923_impulsive_1-115546-A-48_SNR_-5dB_0884.wav,6.7890625,0.3105
885,common_voice_en_23731527.wav,helicopter.wav,non_stationary,20,16000,1,common_voice_en_23731527_non_stationary_helicopter_SNR_20dB_0885.wav,,
886,common_voice_en_19705427.wav,1-22882-A-44.wav,stationary,-5,16000,1,common_voice_en_19705427_stationary_1-22882-A-44_SNR_-5dB_0886.wav,,
887,common_voice_en_19227418.wav,1-18527-B-44.wav,stationary,5,16000,1,common_voice_en_19227418_stationary_1-18527-B-44_SNR_5dB_0887.wav,,
888,common_voice_en_27703528.wav,1-18527-B-44.wav,stationary,5,16000,1,common_voice_en_27703528_stationary_1-18527-B-44_SNR_5dB_0888.wav,,
889,common_voice_en_22939428.wav,helicopter.wav,non_stationary,10,16000,1,common_voice_en_22939428_non_stationary_helicopter_SNR_10dB_0889.wav,,
890,common_voice_en_21538040.wav,1-18527-A-44.wav,stationary,15,16000,1,common_voice_en_21538040_stationary_1-18527-A-44_SNR_15dB_0890.wav,,
891,common_voice_en_18522886.wav,helicopter.wav,non_stationary,20,16000,1,common_voice_en_18522886_non_stationary_helicopter_SNR_20dB_0891.wav,,
892,common_voice_en_18681425.wav,1-115545-A-48.wav,impulsive,5,16000,1,common_voice_en_18681425_impulsive_1-115545-A-48_SNR_5dB_0892.wav,2.3743125,0.614875
893,common_voice_en_21369213.wav,helicopter.wav,non_stationary,10,16000,1,common_voice_en_21369213_non_stationary_helicopter_SNR_10dB_0893.wav,,
894,common_voice_en_22939425.wav,helicopter.wav,non_stationary,10,16000,1,common_voice_en_22939425_non_stationary_helicopter_SNR_10dB_0894.wav,,
895,common_voice_en_19726067.wav,helicopter.wav,non_stationary,20,16000,1,common_voice_en_19726067_non_stationary_helicopter_SNR_20dB_0895.wav,,
896,common_voice_en_23612263.wav,1-160563-A-48.wav,impulsive,5,16000,1,common_voice_en_23612263_impulsive_1-160563-A-48_SNR_5dB_0896.wav,4.8833125,0.74925
897,common_voice_en_22779359.wav,1-115545-A-48.wav,impulsive,15,16000,1,common_voice_en_22779359_impulsive_1-115545-A-48_SNR_15dB_0897.wav,1.0095,0.668375
898,common_voice_en_18681422.wav,1-50455-A-44.wav,stationary,10,16000,1,common_voice_en_18681422_stationary_1-50455-A-44_SNR_10dB_0898.wav,,
899,common_voice_en_27688637.wav,helicopter.wav,non_stationary,5,16000,1,common_voice_en_27688637_non_stationary_helicopter_SNR_5dB_0899.wav,,
900,common_voice_en_19854922.wav,1-115545-C-48.wav,impulsive,0,16000,1,common_voice_en_19854922_impulsive_1-115545-C-48_SNR_0dB_0900.wav,1.1669375,0.5225
901,common_voice_en_19726068.wav,1-50455-A-44.wav,stationary,5,16000,1,common_voice_en_19726068_stationary_1-50455-A-44_SNR_5dB_0901.wav,,
902,common_voice_en_19767818.wav,1-50455-A-44.wav,stationary,-5,16000,1,common_voice_en_19767818_stationary_1-50455-A-44_SNR_-5dB_0902.wav,,
903,common_voice_en_27703525.wav,helicopter.wav,non_stationary,5,16000,1,common_voice_en_27703525_non_stationary_helicopter_SNR_5dB_0903.wav,,
904,common_voice_en_18843977.wav,1-18527-B-44.wav,stationary,20,16000,1,common_voice_en_18843977_stationary_1-18527-B-44_SNR_20dB_0904.wav,,
905,common_voice_en_30619661.wav,helicopter.wav,non_stationary,5,16000,1,common_voice_en_30619661_non_stationary_helicopter_SNR_5dB_0905.wav,,
906,common_voice_en_19657017.wav,helicopter.wav,non_stationary,-5,16000,1,common_voice_en_19657017_non_stationary_helicopter_SNR_-5dB_0906.wav,,
907,common_voice_en_580650.wav,1-18527-B-44.wav,stationary,5,16000,1,common_voice_en_580650_stationary_1-18527-B-44_SNR_5dB_0907.wav,,
908,common_voice_en_25695666.wav,helicopter.wav,non_stationary,20,16000,1,common_voice_en_25695666_non_stationary_helicopter_SNR_20dB_0908.wav,,
909,common_voice_en_27709075.wav,helicopter.wav,non_stationary,10,16000,1,common_voice_en_27709075_non_stationary_helicopter_SNR_10dB_0909.wav,,
910,common_voice_en_19726070.wav,1-18527-B-44.wav,stationary,0,16000,1,common_voice_en_19726070_stationary_1-18527-B-44_SNR_0dB_0910.wav,,
911,common_voice_en_23731527.wav,1-22882-A-44.wav,stationary,0,16000,1,common_voice_en_23731527_stationary_1-22882-A-44_SNR_0dB_0911.wav,,
912,common_voice_en_21663172.wav,1-115546-A-48.wav,impulsive,10,16000,1,common_voice_en_21663172_impulsive_1-115546-A-48_SNR_10dB_0912.wav,3.98925,0.4673125
913,common_voice_en_27703526.wav,1-50455-A-44.wav,stationary,-5,16000,1,common_voice_en_27703526_stationary_1-50455-A-44_SNR_-5dB_0913.wav,,
914,common_voice_en_20260796.wav,1-115545-B-48.wav,impulsive,15,16000,1,common_voice_en_20260796_impulsive_1-115545-B-48_SNR_15dB_0914.wav,6.0091875,0.301125
915,common_voice_en_18843979.wav,1-115545-A-48.wav,impulsive,15,16000,1,common_voice_en_18843979_impulsive_1-115545-A-48_SNR_15dB_0915.wav,3.3285625,0.74675
916,common_voice_en_30619661.wav,helicopter.wav,non_stationary,-5,16000,1,common_voice_en_30619661_non_stationary_helicopter_SNR_-5dB_0916.wav,,
917,common_voice_en_27703526.wav,1-50455-A-44.wav,stationary,10,16000,1,common_voice_en_27703526_stationary_1-50455-A-44_SNR_10dB_0917.wav,,
918,common_voice_en_19705426.wav,helicopter.wav,non_stationary,15,16000,1,common_voice_en_19705426_non_stationary_helicopter_SNR_15dB_0918.wav,,
919,common_voice_en_21101340.wav,1-50455-A-44.wav,stationary,15,16000,1,common_voice_en_21101340_stationary_1-50455-A-44_SNR_15dB_0919.wav,,
920,common_voice_en_19227420.wav,helicopter.wav,non_stationary,20,16000,1,common_voice_en_19227420_non_stationary_helicopter_SNR_20dB_0920.wav,,
921,common_voice_en_19952220.wav,1-160563-A-48.wav,impulsive,20,16000,1,common_voice_en_19952220_impulsive_1-160563-A-48_SNR_20dB_0921.wav,1.149875,0.2698125
922,common_voice_en_24033983.wav,1-50455-A-44.wav,stationary,15,16000,1,common_voice_en_24033983_stationary_1-50455-A-44_SNR_15dB_0922.wav,,
923,common_voice_en_19705425.wav,1-115546-A-48.wav,impulsive,5,16000,1,common_voice_en_19705425_impulsive_1-115546-A-48_SNR_5dB_0923.wav,3.99475,0.141375
924,common_voice_en_19951092.wav,1-22882-A-44.wav,stationary,0,16000,1,common_voice_en_19951092_stationary_1-22882-A-44_SNR_0dB_0924.wav,,
925,common_voice_en_18681422.wav,helicopter.wav,non_stationary,10,16000,1,common_voice_en_18681422_non_stationary_helicopter_SNR_10dB_0925.wav,,
926,common_voice_en_25234745.wav,1-115545-A-48.wav,impulsive,-5,16000,1,common_voice_en_25234745_impulsive_1-115545-A-48_SNR_-5dB_0926.wav,0.8455625,0.7640625
927,common_voice_en_27004521.wav,helicopter.wav,non_stationary,20,16000,1,common_voice_en_27004521_non_stationary_helicopter_SNR_20dB_0927.wav,,
928,common_voice_en_20242990.wav,helicopter.wav,non_stationary,10,16000,1,common_voice_en_20242990_non_stationary_helicopter_SNR_10dB_0928.wav,,
929,common_voice_en_22939424.wav,helicopter.wav,non_stationary,15,16000,1,common_voice_en_22939424_non_stationary_helicopter_SNR_15dB_0929.wav,,
930,common_voice_en_20242986.wav,helicopter.wav,non_stationary,15,16000,1,common_voice_en_20242986_non_stationary_helicopter_SNR_15dB_0930.wav,,
931,common_voice_en_23612307.wav,helicopter.wav,non_stationary,10,16000,1,common_voice_en_23612307_non_stationary_helicopter_SNR_10dB_0931.wav,,
932,common_voice_en_25234749.wav,1-115545-A-48.wav,impulsive,15,16000,1,common_voice_en_25234749_impulsive_1-115545-A-48_SNR_15dB_0932.wav,1.356625,0.24225
933,common_voice_en_19951091.wav,1-22882-A-44.wav,stationary,0,16000,1,common_voice_en_19951091_stationary_1-22882-A-44_SNR_0dB_0933.wav,,
934,common_voice_en_19726723.wav,1-50455-A-44.wav,stationary,20,16000,1,common_voice_en_19726723_stationary_1-50455-A-44_SNR_20dB_0934.wav,,
935,common_voice_en_19451233.wav,helicopter.wav,non_stationary,5,16000,1,common_voice_en_19451233_non_stationary_helicopter_SNR_5dB_0935.wav,,
936,common_voice_en_19451232.wav,helicopter.wav,non_stationary,10,16000,1,common_voice_en_19451232_non_stationary_helicopter_SNR_10dB_0936.wav,,
937,common_voice_en_31171727.wav,1-50454-A-44.wav,stationary,-5,16000,1,common_voice_en_31171727_stationary_1-50454-A-44_SNR_-5dB_0937.wav,,
938,common_voice_en_18681425.wav,1-50455-A-44.wav,stationary,0,16000,1,common_voice_en_18681425_stationary_1-50455-A-44_SNR_0dB_0938.wav,,
939,common_voice_en_19657021.wav,helicopter.wav,non_stationary,15,16000,1,common_voice_en_19657021_non_stationary_helicopter_SNR_15dB_0939.wav,,
940,common_voice_en_18725367.wav,1-18527-B-44.wav,stationary,15,16000,1,common_voice_en_18725367_stationary_1-18527-B-44_SNR_15dB_0940.wav,,
941,common_voice_en_23612307.wav,helicopter.wav,non_stationary,20,16000,1,common_voice_en_23612307_non_stationary_helicopter_SNR_20dB_0941.wav,,
942,common_voice_en_21101337.wav,1-115545-B-48.wav,impulsive,10,16000,1,common_voice_en_21101337_impulsive_1-115545-B-48_SNR_10dB_0942.wav,3.9458125,0.7210625
943,common_voice_en_19726070.wav,1-50454-A-44.wav,stationary,15,16000,1,common_voice_en_19726070_stationary_1-50454-A-44_SNR_15dB_0943.wav,,
944,common_voice_en_19705423.wav,1-115545-B-48.wav,impulsive,15,16000,1,common_voice_en_19705423_impulsive_1-115545-B-48_SNR_15dB_0944.wav,2.1669375,0.7754375
945,common_voice_en_19726069.wav,1-115545-C-48.wav,impulsive,10,16000,1,common_voice_en_19726069_impulsive_1-115545-C-48_SNR_10dB_0945.wav,1.882625,0.7108125
946,common_voice_en_22939424.wav,helicopter.wav,non_stationary,-5,16000,1,common_voice_en_22939424_non_stationary_helicopter_SNR_-5dB_0946.wav,,
947,common_voice_en_19767846.wav,helicopter.wav,non_stationary,0,16000,1,common_voice_en_19767846_non_stationary_helicopter_SNR_0dB_0947.wav,,
948,common_voice_en_31191671.wav,1-50454-A-44.wav,stationary,15,16000,1,common_voice_en_31191671_stationary_1-50454-A-44_SNR_15dB_0948.wav,,
949,common_voice_en_18681419.wav,1-160563-A-48.wav,impulsive,15,16000,1,common_voice_en_18681419_impulsive_1-160563-A-48_SNR_15dB_0949.wav,3.9505,0.2203125
950,common_voice_en_19657019.wav,1-160563-A-48.wav,impulsive,-5,16000,1,common_voice_en_19657019_impulsive_1-160563-A-48_SNR_-5dB_0950.wav,4.2765625,0.7948125
951,common_voice_en_23707414.wav,helicopter.wav,non_stationary,20,16000,1,common_voice_en_23707414_non_stationary_helicopter_SNR_20dB_0951.wav,,
952,common_voice_en_27004523.wav,helicopter.wav,non_stationary,10,16000,1,common_voice_en_27004523_non_stationary_helicopter_SNR_10dB_0952.wav,,
953,common_voice_en_21817013.wav,helicopter.wav,non_stationary,10,16000,1,common_voice_en_21817013_non_stationary_helicopter_SNR_10dB_0953.wav,,
954,common_voice_en_19657021.wav,1-18527-B-44.wav,stationary,-5,16000,1,common_voice_en_19657021_stationary_1-18527-B-44_SNR_-5dB_0954.wav,,
955,common_voice_en_31191668.wav,1-115546-A-48.wav,impulsive,5,16000,1,common_voice_en_31191668_impulsive_1-115546-A-48_SNR_5dB_0955.wav,0.05825,0.2935
956,common_voice_en_27709079.wav,helicopter.wav,non_stationary,10,16000,1,common_voice_en_27709079_non_stationary_helicopter_SNR_10dB_0956.wav,,
957,common_voice_en_19854920.wav,helicopter.wav,non_stationary,10,16000,1,common_voice_en_19854920_non_stationary_helicopter_SNR_10dB_0957.wav,,
958,common_voice_en_22779353.wav,1-50454-A-44.wav,stationary,20,16000,1,common_voice_en_22779353_stationary_1-50454-A-44_SNR_20dB_0958.wav,,
959,common_voice_en_30619674.wav,1-50455-A-44.wav,stationary,10,16000,1,common_voice_en_30619674_stationary_1-50455-A-44_SNR_10dB_0959.wav,,
960,common_voice_en_27709075.wav,helicopter.wav,non_stationary,20,16000,1,common_voice_en_27709075_non_stationary_helicopter_SNR_20dB_0960.wav,,
961,common_voice_en_23612304.wav,1-115546-A-48.wav,impulsive,15,16000,1,common_voice_en_23612304_impulsive_1-115546-A-48_SNR_15dB_0961.wav,0.732,0.6709375
962,common_voice_en_22779358.wav,helicopter.wav,non_stationary,5,16000,1,common_voice_en_22779358_non_stationary_helicopter_SNR_5dB_0962.wav,,
963,common_voice_en_21369214.wav,helicopter.wav,non_stationary,20,16000,1,common_voice_en_21369214_non_stationary_helicopter_SNR_20dB_0963.wav,,
964,common_voice_en_19451233.wav,1-115546-A-48.wav,impulsive,20,16000,1,common_voice_en_19451233_impulsive_1-115546-A-48_SNR_20dB_0964.wav,1.7568125,0.265625
965,common_voice_en_26724562.wav,helicopter.wav,non_stationary,15,16000,1,common_voice_en_26724562_non_stationary_helicopter_SNR_15dB_0965.wav,,
966,common_voice_en_580647.wav,helicopter.wav,non_stationary,0,16000,1,common_voice_en_580647_non_stationary_helicopter_SNR_0dB_0966.wav,,
967,common_voice_en_22939428.wav,1-115545-A-48.wav,impulsive,-5,16000,1,common_voice_en_22939428_impulsive_1-115545-A-48_SNR_-5dB_0967.wav,4.9171875,0.2488125
968,common_voice_en_23731527.wav,1-22882-A-44.wav,stationary,0,16000,1,common_voice_en_23731527_stationary_1-22882-A-44_SNR_0dB_0968.wav,,
969,common_voice_en_22779358.wav,1-18527-A-44.wav,stationary,20,16000,1,common_voice_en_22779358_stationary_1-18527-A-44_SNR_20dB_0969.wav,,
970,common_voice_en_22939427.wav,1-115546-A-48.wav,impulsive,15,16000,1,common_voice_en_22939427_impulsive_1-115546-A-48_SNR_15dB_0970.wav,5.8294375,0.771875
971,common_voice_en_31191627.wav,1-18527-B-44.wav,stationary,20,16000,1,common_voice_en_31191627_stationary_1-18527-B-44_SNR_20dB_0971.wav,,
972,common_voice_en_25695673.wav,helicopter.wav,non_stationary,20,16000,1,common_voice_en_25695673_non_stationary_helicopter_SNR_20dB_0972.wav,,
973,common_voice_en_27004519.wav,1-18527-A-44.wav,stationary,15,16000,1,common_voice_en_27004519_stationary_1-18527-A-44_SNR_15dB_0973.wav,,
974,common_voice_en_26724562.wav,helicopter.wav,non_stationary,15,16000,1,common_voice_en_26724562_non_stationary_helicopter_SNR_15dB_0974.wav,,
975,common_voice_en_19726070.wav,helicopter.wav,non_stationary,0,16000,1,common_voice_en_19726070_non_stationary_helicopter_SNR_0dB_0975.wav,,
976,common_voice_en_18522885.wav,1-115545-A-48.wav,impulsive,5,16000,1,common_voice_en_18522885_impulsive_1-115545-A-48_SNR_5dB_0976.wav,5.4858125,0.509
977,common_voice_en_23612304.wav,helicopter.wav,non_stationary,15,16000,1,common_voice_en_23612304_non_stationary_helicopter_SNR_15dB_0977.wav,,
978,common_voice_en_18843977.wav,1-160563-A-48.wav,impulsive,5,16000,1,common_voice_en_18843977_impulsive_1-160563-A-48_SNR_5dB_0978.wav,5.693,0.6725
979,common_voice_en_20260795.wav,1-18527-B-44.wav,stationary,10,16000,1,common_voice_en_20260795_stationary_1-18527-B-44_SNR_10dB_0979.wav,,
980,common_voice_en_27709079.wav,1-18527-B-44.wav,stationary,10,16000,1,common_voice_en_27709079_stationary_1-18527-B-44_SNR_10dB_0980.wav,,
981,common_voice_en_26724561.wav,1-18527-A-44.wav,stationary,15,16000,1,common_voice_en_26724561_stationary_1-18527-A-44_SNR_15dB_0981.wav,,
982,common_voice_en_21663202.wav,1-160563-A-48.wav,impulsive,5,16000,1,common_voice_en_21663202_impulsive_1-160563-A-48_SNR_5dB_0982.wav,3.627125,0.6508125
983,common_voice_en_22939424.wav,helicopter.wav,non_stationary,5,16000,1,common_voice_en_22939424_non_stationary_helicopter_SNR_5dB_0983.wav,,
984,common_voice_en_25113640.wav,helicopter.wav,non_stationary,10,16000,1,common_voice_en_25113640_non_stationary_helicopter_SNR_10dB_0984.wav,,
985,common_voice_en_20242988.wav,1-18527-B-44.wav,stationary,20,16000,1,common_voice_en_20242988_stationary_1-18527-B-44_SNR_20dB_0985.wav,,
986,common_voice_en_19951091.wav,1-115546-A-48.wav,impulsive,5,16000,1,common_voice_en_19951091_impulsive_1-115546-A-48_SNR_5dB_0986.wav,2.8705,0.628875
987,common_voice_en_20242990.wav,1-18527-A-44.wav,stationary,10,16000,1,common_voice_en_20242990_stationary_1-18527-A-44_SNR_10dB_0987.wav,,
988,common_voice_en_21663202.wav,1-18527-B-44.wav,stationary,10,16000,1,common_voice_en_21663202_stationary_1-18527-B-44_SNR_10dB_0988.wav,,
989,common_voice_en_21817014.wav,1-50455-A-44.wav,stationary,5,16000,1,common_voice_en_21817014_stationary_1-50455-A-44_SNR_5dB_0989.wav,,
990,common_voice_en_19726722.wav,1-115545-B-48.wav,impulsive,10,16000,1,common_voice_en_19726722_impulsive_1-115545-B-48_SNR_10dB_0990.wav,1.982875,0.3044375
991,common_voice_en_20242990.wav,1-18527-B-44.wav,stationary,0,16000,1,common_voice_en_20242990_stationary_1-18527-B-44_SNR_0dB_0991.wav,,
992,common_voice_en_580650.wav,helicopter.wav,non_stationary,-5,16000,1,common_voice_en_580650_non_stationary_helicopter_SNR_-5dB_0992.wav,,
993,common_voice_en_19227416.wav,helicopter.wav,non_stationary,15,16000,1,common_voice_en_19227416_non_stationary_helicopter_SNR_15dB_0993.wav,,
994,common_voice_en_18522886.wav,1-160563-A-48.wav,impulsive,-5,16000,1,common_voice_en_18522886_impulsive_1-160563-A-48_SNR_-5dB_0994.wav,2.54225,0.5938125
995,common_voice_en_21538040.wav,helicopter.wav,non_stationary,10,16000,1,common_voice_en_21538040_non_stationary_helicopter_SNR_10dB_0995.wav,,
996,common_voice_en_19726722.wav,1-160563-A-48.wav,impulsive,5,16000,1,common_voice_en_19726722_impulsive_1-160563-A-48_SNR_5dB_0996.wav,4.724,0.507375
997,common_voice_en_19657017.wav,1-50454-A-44.wav,stationary,10,16000,1,common_voice_en_19657017_stationary_1-50454-A-44_SNR_10dB_0997.wav,,
998,common_voice_en_18681417.wav,helicopter.wav,non_stationary,20,16000,1,common_voice_en_18681417_non_stationary_helicopter_SNR_20dB_0998.wav,,
999,common_voice_en_19726720.wav,helicopter.wav,non_stationary,20,16000,1,common_voice_en_19726720_non_stationary_helicopter_SNR_20dB_0999.wav,,
1000,common_voice_en_27004519.wav,helicopter.wav,non_stationary,-5,16000,1,common_voice_en_27004519_non_stationary_helicopter_SNR_-5dB_1000.wav,,
